Id,Value (M)
280,19.276520311544758
569,18.48601298479513
8731,1.6469796769311458
10085,0.10640281327504653
9831,0.6976626127946375
7346,0.771303758461066
10496,0.6133181269237795
8318,0.9522273918172672
17589,-0.8172005448922093
3615,1.117392105470735
1303,5.516214998479988
9425,0.6949479662653388
108,30.540049235209544
15757,0.11886135153599042
8768,0.3653878955851795
15149,0.07307322591945109
3442,2.3567362706421235
11995,0.6160965983930637
6585,1.069246084403325
18,22.079685515321152
15182,0.037052996887616985
14631,0.29262746545855833
2324,4.650513876596442
1614,5.476250455629135
17085,0.29430516682041485
8561,0.7361042876572199
8122,0.4690874195568213
412,12.770281619306907
2249,6.796143482744405
2685,4.318343178348648
16094,0.021543729852858462
14387,0.1445168475630041
12257,1.2287317745604796
2013,5.565205811004041
3988,3.899190473718555
5369,-0.041097937241666216
13790,0.06894551804166582
482,14.055825910376988
7328,1.4019393835585632
17121,2.0698730206684743
13305,0.6596598355852805
16634,-0.3974460044837187
16766,-0.54839157525182
11989,0.0356794780417502
177,14.323490120130025
16628,-0.13182492644471466
8120,0.9107635461840076
4069,3.661480174722662
5618,4.207741574854474
11309,1.058998325241781
15007,0.6940526366198085
2019,6.659817965211438
10905,-0.09491844962369811
14866,0.8245902965781156
2099,5.592493499638472
14183,0.9219560278872834
3839,3.2519097919792372
9164,-0.5856589978956421
15227,0.20082923249922402
3374,3.6847398859943965
5413,2.6942462465358332
16516,-0.07898619518623917
13373,1.1835567381726904
8823,-0.29309211999591156
11210,0.1466253591809803
11486,0.32259556653232124
2443,4.621285933318042
7564,0.9285583029714743
4263,2.1887905319444982
3405,4.054253795712292
14382,0.49180301236477675
2662,2.2787225018422035
2816,3.3964315156827993
5927,1.3639158403439993
15028,0.2796843697426894
8814,0.13011774454559344
12158,0.3732248869740218
5833,1.1959596109362067
16331,0.20527453440883647
5905,1.9058111330850735
6523,3.2863796091452926
1122,7.76138575974781
14250,0.09571874734951535
14604,0.29629109063925085
8420,1.155571632606602
16088,0.18863222915371836
5088,1.0162387073049288
3087,2.849746184825271
16946,0.13504753228946953
14846,0.9488546142816219
13055,0.4211295362726801
3285,3.245747437001917
2597,4.473663926741047
9529,0.715916916527128
1522,7.870197823147116
3987,2.834334153667861
6902,0.007550198929841656
3108,4.873603439014495
7026,0.7051265996545837
6885,0.02119978654021537
10399,1.0258336517866624
8395,-0.6181614731849621
4255,3.450778155453058
16589,-0.10652812464410744
12437,0.7183624243234945
369,15.331505493523018
13474,0.46654740731900546
16333,0.5412870508292045
16219,0.1631688221247103
15651,0.025749062092408792
7171,0.3532020957861377
2709,5.609216403572894
12293,0.19803285102539547
14738,0.2925025388939346
14039,0.2563353793001468
3755,2.258436385534104
6373,1.3709104553671878
682,9.600939387171195
7248,0.9409566343725615
8916,0.12131514686068812
6710,0.9123338221756754
14360,-0.07588711580995522
5951,1.990373737734906
3672,4.370451438359318
11867,0.43284737218782965
13995,0.2921042930206781
6502,2.665890519323831
732,12.455431093736813
9997,0.043103883946947974
13434,0.42186051710135786
17911,-0.3641203576709202
3540,4.078670856049747
8031,0.4666861904256834
14851,0.39991055443635304
12276,0.5306595239727088
16859,-0.12677140916155594
3356,5.6575501741948315
10071,0.2956705516211784
7726,0.3877793905986593
128,40.62181037693643
17632,-0.7214817830899918
1991,5.664481905885481
3506,3.4245966645792194
2826,4.34245895870982
10611,0.43450060770999954
2317,8.148006710501
15582,0.04951890150045557
14400,0.025345310622974182
13695,0.3215158324840175
17406,-0.43085952698327645
9339,0.28850811443610525
2308,5.293569662273434
16785,0.03942154064329628
12846,1.0540370868850388
10930,0.5836545756785014
8648,1.12963324997434
17739,0.6123375437807752
1926,6.216707560860208
12966,0.6137363801619884
8075,0.915278824117614
15741,0.05540770490141966
15823,0.24038943224861242
9944,0.46045970697731065
8440,0.4045523406030682
15613,0.07346831240824514
8638,1.4212558446605001
4227,2.2476128797185666
14290,0.40434418275305717
4936,1.59252205130975
11367,0.4813505335916304
5748,2.370149196644398
9489,0.7100715505041464
11597,0.8867909167268735
8690,2.0301526652771074
2017,5.567340677558015
13720,0.12745782937644634
8230,1.5393385355285076
14558,0.18419809809906695
17767,0.4338320584684041
2312,5.181830895492702
11285,0.5142030371820354
667,10.764773827162777
9347,0.983366248702275
12638,0.8361837417136186
9537,0.7547805290413478
9430,0.8106227918048106
11439,0.24387791833232342
576,16.239373380260552
1110,11.848315402631023
5741,2.6341276274370173
11870,1.0205705542199084
3219,3.531196506509069
189,18.748974421890377
543,18.121802609742055
4129,2.3576300804906296
14005,0.6214584796434437
4651,2.4776328951676234
15380,0.47323306913857976
10400,0.5559777996451842
2605,5.142545833079346
9403,1.3956071687991383
16181,0.053336569376391196
5687,1.4471998626790494
2290,2.7709078450091837
6829,0.5996361014593603
6436,1.410569142250857
15170,0.17507492156162385
17070,0.33461829323933756
12526,0.13540724104407076
10642,0.8790374352480015
1666,6.432936739809016
2270,4.345066757063442
17842,-0.08882559307820515
4664,3.0333142129435444
16081,-0.005432018434483155
5018,1.4633397780229913
5415,2.0010728770216915
8459,1.254425701270172
2459,5.488020111280754
16656,0.15578296754834042
782,11.83887482354239
14443,0.2227085755042637
13069,0.4776532204217787
16997,-0.5906115092118469
3159,4.132030461018978
14031,0.5918641051110356
7187,1.7466241381315868
15318,0.4349885928687698
14057,0.4078096084817773
13453,0.3318595325236018
7919,0.8973611389779634
5872,1.0804192354251185
11583,0.20629256368356863
6783,0.3595262876677694
6034,1.07307863523598
5503,1.277470334702194
7440,0.6806756880197398
4985,1.7788446804340978
17636,-0.20814502512785538
14213,0.7154008761073598
11889,0.4552101221471716
12611,0.45252460594189614
13747,0.019522456335046456
12772,0.509641320188571
2212,5.519364814541667
5939,1.1325091723066052
2199,5.1721572403218445
1138,9.813559826518222
13541,0.8535334904673064
7835,1.0195083351913112
6615,2.746680882793221
10564,0.38016684119335054
15017,0.6693751444384404
8660,2.1418072222484383
9411,0.2956978098657643
9886,-0.004113503269017826
14792,0.24463552866284743
10796,0.8412119869165977
8362,1.140676753808826
9191,0.47972199328665255
7031,1.2446768433092004
10019,0.07450807744570653
4991,0.5818625069821977
6147,-0.8999621153033601
6087,-0.8241081296697317
11941,0.9060671858556404
15919,0.944521072216908
15530,0.5098589022997757
16296,0.12406524648647377
13463,0.388366535721282
845,8.874117883944841
17318,-0.6704812058252045
9532,1.4345877844536474
1442,7.641571827194085
6462,2.4114997825906315
11749,0.7601669320458697
1265,7.4594657610207165
3702,4.367191828501213
13936,0.2980602763651419
16182,-0.11366581638102247
7790,0.09414440153776837
3499,4.14366664291159
8806,0.2678371432528408
3476,3.940916957234812
10542,1.3047811656232753
321,19.904918402614037
16544,-0.11395286912286196
563,15.92309123848878
10474,0.47312506525243947
16125,-0.09366691916289227
10801,1.5126894264415185
5090,2.812401971205638
14050,0.6720733606930978
13113,-0.15812297099073902
15029,0.7488089450020752
1831,6.002741584137276
6713,0.7275555438211754
11683,0.7800621980930842
243,18.745276345964093
92,40.36141359508877
1326,5.651810272996478
7539,1.5133155635722702
6245,1.2494943702587236
6805,0.9657563622710157
8024,1.3403295282908587
4176,2.696137687344283
12556,0.8325835290377128
6628,1.323422894708294
17109,-0.008041665352671146
7145,-0.07369012109121087
8431,1.3963694852312543
4992,1.9170605989459304
15353,0.3663291605298653
1758,7.719635131048328
2870,1.578635655245158
7530,0.31398648784919914
13372,0.356540729445733
11955,0.29929351550762107
17456,-0.22630693747210984
9727,0.7877452532024662
5717,0.8008797568188086
10952,0.314062680815006
334,19.36592054270959
11544,0.4548671454278903
8083,0.24836198883117078
10377,0.23510907673367143
13448,0.6441850454069638
10476,0.5041366167104471
511,11.798423294433555
2288,5.673683557030245
9288,0.5430597556897325
4715,2.549991121789823
5103,1.1101310745527186
8111,0.6591260547633695
1556,8.75159330582715
9644,0.6677468178241028
12850,0.6784042602900442
13147,0.8371196154860812
9440,0.392085737864754
14492,0.10987056865364053
7535,-0.8646039130040108
137,31.593909027467483
5661,1.8722754455825665
2070,4.196020829144068
12348,0.25395557549443737
6835,1.512060624994895
14987,0.5696345529750388
14092,1.0481019345947473
7284,1.288309001740636
13970,0.657764010143417
2178,5.312658840444733
568,14.841280314791817
10149,0.576557463191925
1045,4.973241831984112
42,40.84746267463415
2973,5.428960553219348
11837,1.222158752342203
8625,1.0513003337392988
16130,-0.07923585705535885
12889,0.13113330912246823
2314,4.675584378564189
4149,0.5873408666981916
10342,0.9334146214039052
12541,0.5700804894470437
1183,9.491851029587039
9319,0.3245025574210203
10697,0.8081355304029572
9234,0.28583701296287956
2722,3.955099007752331
16346,0.15486393967230327
9499,0.8341375921382834
6826,0.892540030212011
15431,0.3680832030459058
17184,-0.22140170983410457
801,7.09797639877344
2468,6.890632213519702
9698,0.6130290920042611
13652,0.786948894005782
4750,1.2008323212727916
10046,0.5342738596897405
10206,0.16817343085673286
13242,0.2750433999427244
16425,-0.09918531315093304
6196,2.445663139079876
6404,1.7191049277882442
10464,0.33818144730467026
3133,2.351573443081513
8846,0.14957919693892308
15800,0.28115175160896655
4668,2.853390334371518
689,4.202080135104502
5165,1.6737411982203767
14209,0.4461244270529008
7629,1.5726702805748332
9780,0.383901166848581
1457,5.207275906955502
12444,0.673021016031008
2800,1.7326346780154225
6223,0.8827303099570472
597,15.060926839994579
11041,0.1372268925224276
11705,0.46239102060631154
16157,0.14056623767178422
4097,2.117967408135904
3291,3.545170980958609
9069,0.4216006742895999
448,19.33420048511747
8965,0.3318336459249096
13139,0.21075972628486994
13598,0.6770788178014655
14236,0.6929441859027676
15158,0.6327669445665052
15389,0.7971131995922249
4676,1.9868271833779758
36,51.96325510159627
254,19.869626742509418
17354,-0.16028945330338473
17753,0.8824445629862012
13761,-0.045116959876843055
14780,0.5825922590904256
9102,0.2686998980273856
14647,0.4156984189656825
491,10.569398303101217
6977,1.4595096663389668
12131,0.07457817503804876
15481,0.42539726330827676
11379,0.21754001079560936
11533,-0.7268943448437071
12657,0.7600129984904598
15162,0.13800954311876268
10191,-0.07967867000774476
6141,1.3263994971288398
15307,0.2843530242608452
12456,0.8445291875147731
6764,-0.6547016160970358
14279,0.19482165183655553
3994,2.931275062653164
9132,0.5326163843182101
10561,0.40505317159193766
15648,0.047409175679582916
8641,-1.587838672842203
8324,0.3126317853007876
3036,2.291132558619161
15859,0.22021199182025697
13143,0.21749516031977834
13582,0.4751577702223031
2444,4.422488635514846
5884,0.012109498554131903
9413,0.8108765555207995
16527,0.2724840759315512
11203,0.4266126538113255
7965,1.5177729487030334
8737,2.6686089553756673
12512,1.1255762832368603
14999,0.5448215034421864
10139,0.5239830455034493
6518,1.8195125719534886
13809,0.21562004863221063
17322,-0.23733976567552162
6342,2.3735114118157767
13233,0.26567873301100775
5723,0.8061787359982375
298,14.009315344714857
13600,1.4138786597118056
11536,0.5993142943966419
9076,0.033297592465153514
2164,1.8528819108540304
9576,0.22598244269649825
13839,0.2097551819311363
778,11.192771546109562
10140,0.19307400269334352
1195,11.352963733776619
11000,0.3225729759404672
1337,5.507089988771661
14776,0.6455062530042497
16719,-0.4086148518590065
3749,3.2625424421966684
15083,0.15087815663409998
11490,0.3254033475860538
5192,1.5047030693528782
535,19.735785007039333
9469,0.3999584934481035
16860,0.13015821833358387
2129,4.0085069822630786
5182,1.5937150772582456
16083,-0.5183748108050779
2339,4.381687957885667
10586,-0.18237853174283458
12641,0.45575451922676535
2806,3.7149673736445052
15246,0.2993443145202619
5701,2.642073888830616
16757,-0.23350776618931235
9849,0.8681086490596002
9610,0.6702608443397864
15011,0.6803585074002783
4445,2.116421345561996
3773,2.7627060583796137
503,9.522358854941196
14707,0.32688524022753285
288,17.06929652418708
4773,1.8190150183751754
16559,-0.5081888474422485
3357,3.0832950314640684
400,18.00838488858478
15250,0.3715408490504686
1565,7.661408961858676
16165,-0.3653600776145467
14799,0.36131127135059415
16810,0.1826442184222472
15222,0.2112255994341652
12061,0.06255936421036523
4984,1.8161852283706637
6386,0.710555871313268
17924,1.0066792550774508
3501,2.923813661474263
9605,-0.2285041340805023
9150,0.36863160062612366
2190,5.152549964784917
14853,0.7669815804121001
8452,0.024453761865650847
5436,1.7629843814070014
8607,1.4118330540766593
9876,-0.5312446398260207
8853,0.3626061585074112
9748,1.0292644531159354
6629,1.8150432101804554
3937,2.866289185218612
12226,0.10513619627032966
630,14.28367925700752
6016,1.2575290161480766
3121,2.1930048942608167
11651,0.9347164449692613
10975,0.03050558670656045
10234,0.2789770127536215
9408,0.3836433279082243
1446,7.605003410214039
16252,-0.2793313381058695
6073,0.7434646364475483
17047,0.6403668713260302
8171,0.27743516769398724
16281,0.05194645550871968
8749,0.7354845234303653
15658,-0.04924787502427108
760,16.03005602354059
8457,1.1182661938656437
1141,12.122627721364601
12853,0.5635965895849395
7721,0.7587820972651613
9331,0.16355159943417874
10486,0.42920010546311715
6174,1.1967756266651932
5445,1.7479170784583928
11143,0.038366473686942015
15964,0.45061573113634523
7080,0.864685280785018
13824,-0.1254438448574362
833,12.389757381159555
6770,0.20453941336702286
545,13.705706301888512
17714,0.8614697051223956
9781,0.5693065624535265
9520,0.9968259601485627
12658,-1.4066817471816293
12648,0.489789483738285
9095,0.4381555511109738
15319,0.2671568296334996
183,24.316779569560424
15372,0.3232679614459144
5069,1.7673920021433602
10659,1.073793818794762
10623,0.7846006300540651
13915,0.2651099262982868
6869,0.83212869753077
14198,0.9882377761162715
3608,2.352065110048379
11830,0.8272174044546219
16155,1.292277629358189
4838,4.209013615985619
7380,0.34607698441096346
6243,1.2805248479156504
4317,2.035608438916505
17558,-0.005973864741342538
7439,1.1979993786759522
10217,0.7783422935739637
12670,1.3352745823047272
14977,0.7726841673885829
9770,0.8376053188446164
16128,-0.02851431583592756
8479,1.2791095980188558
8454,0.8864538806585713
6880,1.4427094900544475
610,15.081664266076345
17432,-0.7266427200300214
13027,0.671366843642268
14739,0.30376463671907317
1051,10.348559177805733
4828,2.4989561597244645
5135,2.3443316273530357
8273,0.7181601352742106
11900,0.4612051993166304
4953,1.6217098901028422
3594,2.3098118908040206
6158,1.6370129078775548
16220,0.09094919596297046
10628,-0.47031914406699826
144,28.396100603740088
8698,-0.5225872006682764
15579,0.06792476131563063
7759,1.0084484329751078
2981,4.715580535175228
11634,0.42973877390553383
17738,1.4599691715694902
15285,0.2513942114052057
14670,0.07907052672728554
6819,0.25525279039541005
2857,4.627300344956218
16698,-0.7802721430625823
11606,0.9416375253761302
7778,2.1375873851329814
6643,1.5832585558817343
5442,3.4863339053964424
15997,0.8007019288025745
1856,6.5106494649586395
5558,-0.20474453226379552
9540,1.3233425950896063
12978,0.2684887194028178
17067,0.28398862879260633
12741,0.06662349844771853
3447,1.7756829689038724
11222,0.2851333927409243
14589,0.29902520788942155
10608,1.537402670527804
17277,-0.5981319471811659
11448,0.05895801035060089
2998,3.9273142137669126
5883,1.6273073170434529
1929,6.166734752190145
16063,-0.101235759085192
15412,0.3386807830544214
13782,0.3843470941993914
6200,2.4569026323196326
13490,0.7006755104453717
16892,1.0240472488084222
16644,-0.16425708622556812
17968,1.622223727987496
14418,0.18780919465216783
16619,0.3430029826927594
16738,-0.39606309808990403
17188,0.6985071891090016
13770,0.13540342920683912
11162,0.5073978513426951
13815,0.5411151853280174
5754,2.344300782297786
11954,0.2899327203956332
5936,0.8357138432052338
1047,4.312585492546994
4467,0.5689080907380557
1618,6.250347016957015
17472,-0.081037496034007
1309,9.73704184322657
11357,0.3589603220043287
1964,6.244328281710885
12886,0.6731208571227043
9173,0.38180909597925705
605,15.68900714552187
5669,2.452596676153952
10024,0.09166472719962115
6842,0.47502266322079123
17129,-0.09493526041537592
2946,4.22080214691875
7751,0.2648488832292415
15407,0.29794394742950914
9929,0.05636620536512993
2978,2.175754189179905
9061,0.39429919989421336
2583,5.151099584617249
7166,1.39410647638217
7370,1.2713203541321505
13626,0.5320181890267648
1087,7.907895334570263
446,14.580051504865935
11994,0.20856273345349763
9409,0.9792089454221227
11507,0.5759166590313143
12125,0.030528897200944982
4059,1.6799863028970563
10322,0.9659822178705966
8041,1.020109056671906
14685,0.4685138175277288
17592,-0.7548202904281354
6866,0.6012596571616129
1466,4.579921686232844
1913,8.582861714736374
9189,0.32066639378147244
12281,0.17751754457496105
16376,0.13023056097994612
4685,3.5748487783321607
4054,2.2301290742074187
5501,1.134689418681596
10265,0.45223464461646046
6863,0.7514395107838467
8755,0.9606384207373893
9592,0.12992026761114772
9837,0.6568966561771745
12017,0.02479459114811533
17316,1.5501587148738238
756,15.884545933110964
4918,3.3303579860201964
3611,2.114557915287996
3841,1.838464383678648
12662,0.5991237460912444
10214,1.0285733671246575
4383,0.7560249953020346
3864,3.703859612689932
7458,1.0836295987954188
2268,5.460421708763242
9641,-0.0726082441307554
9291,0.4209901810190999
5267,0.37866784842204737
1295,6.634068891323906
2772,3.9279983067849784
10302,1.6944113096777258
12811,0.36768647262729104
12993,0.2877450125312251
11035,0.033150509532156036
5099,2.2479720012196722
2747,2.0737816879558935
541,16.792934907916326
785,11.577838486763937
3198,4.555991743940545
3583,3.5651182369697025
961,7.872223153739355
17819,-0.6667376375822514
3245,3.513087912279694
5446,2.719557095898402
553,16.349829313776247
3772,3.3821759460421745
14959,0.7703416971257937
10712,0.17108396738129983
10908,0.38807060595461706
5497,2.423654942881761
5995,1.4860960477234428
525,19.555200041783245
3383,2.3597569864173167
7164,1.9616391432215963
3818,3.238123791085421
8522,3.1956274014675543
17444,0.14131797198977125
3296,4.163968672240706
15521,0.5248022509258092
1501,4.642625589848379
11771,0.9089613060045352
13426,0.8293378166804715
2669,6.768015241467914
1278,4.259196935809918
12489,1.3299722238009295
6409,1.2432710537156808
13148,0.5497344732362492
6642,2.351145058699011
10993,0.14332133876595066
12463,1.0926905029928875
14067,0.649668205557667
14766,0.3616014181381999
5780,1.6088288586215143
11985,0.21983752303346904
16758,-0.37850707708982867
11293,0.7964676672050999
15283,0.4455525974827097
13141,0.3790979234809342
1333,7.0366172427465585
7728,0.7257506240191915
2293,4.00303208039616
9094,-0.38245264983782334
16933,-0.08851178873967314
10690,0.801248176553436
5579,1.4529271314102417
10079,0.1358967068742558
11844,0.9965080510892719
11538,1.8903513933156049
12900,0.06587759951552385
5036,1.8033823742393835
11992,0.23856066187101277
15627,0.0891375824227012
8704,1.9146253127271322
3551,2.743881777337954
10485,0.8124253603136182
12325,0.5740030006385908
17755,0.5537315320249618
4919,0.9669673853891041
13742,0.10264580289645409
7889,-0.4711005548041314
5954,1.2023905326544835
7745,-0.31529252409053043
3456,3.405828515173262
15577,0.3881665874074045
6463,1.6996399817395016
3975,3.0087268605779443
4146,2.320892642204832
843,15.653676315766525
15231,0.1952932782131782
11475,0.3278504792083581
16429,-0.5560466848742394
13703,0.5178802309186139
1884,6.191524400951984
7118,0.7034941837809683
12071,0.23907064406963485
11773,1.2365437951076004
1007,9.812871210186472
13344,1.1501611695140994
7387,1.0111083254190376
13913,0.2638201202844712
4820,2.2285173194802965
2107,3.0255867556336327
8570,0.8048367693165304
16464,-0.3068257773963481
7588,1.3370470832916155
11048,0.19716958262667816
542,15.679747636907088
7368,0.9203996793388356
2799,2.1575632677063012
12864,0.054103984223225154
8962,0.22247382201269517
9229,0.5096776256888162
14007,0.27202248048663336
16073,0.256689713051621
2808,3.0639687250171264
7946,0.8300005335699652
6503,1.03096798345873
9804,1.258550447553354
2063,1.8760424245687943
12602,0.33398206145528064
3035,3.3730223503938745
3907,2.8030290780875973
6215,1.4829566190950274
3106,4.705514780199216
10835,0.2217744771614818
5555,2.7254940544599506
9279,0.8478590851696097
2889,3.704761618972306
3985,4.234620948534065
17030,0.14131609743035511
8299,0.5488338505156278
14852,0.6547567389324271
10539,0.9340530182107543
2047,4.082070734760272
4727,2.736303124392755
3552,3.864185697062517
16604,-0.16960964881499052
14353,0.4937223786331586
3767,3.935754859316596
17502,-0.10688590974086054
13752,0.0013756979353232168
5918,1.368603286189149
1635,6.739092609001304
6125,1.4512511879997518
15334,0.3457450862822995
1486,7.767516380772342
1762,8.384283781205959
8837,-0.25272601675022344
5668,1.72254117210813
8207,0.5292641550249115
12941,-0.013557538699465965
6384,1.5766329210335428
1576,2.958906056099707
4895,0.9811753915686339
2091,3.8950500359840063
6517,1.6190197033390703
16043,-0.1957435296994774
10902,-0.09293071184210788
11934,1.3096254583454439
15740,0.21240427120256555
16210,-0.15171533265469606
9085,0.9456095487750602
8972,0.44967783715159015
1659,6.4639425489213025
12026,0.6611446091861453
786,13.550509464189254
14352,1.0696554924048698
11084,-1.1145647083763421
7441,1.2578015511416751
1311,7.477786707790088
9836,1.753698041989587
8551,1.493132568483098
9752,0.7616540675890704
8255,2.0107116041458184
17116,-0.7464469283481847
17320,-0.35380577915022826
5084,2.080144781621321
14662,0.26421791799108263
15270,0.14471301290436855
15628,-0.007238367869867091
10091,0.12503479062329603
12199,0.16532149107408856
13132,0.2132184728110147
12259,0.422979866032243
3428,1.8362706855839903
16065,-0.08890556932575322
14906,0.3879281874309086
12397,0.23552203178197573
10482,0.2848663942913774
14971,0.8531590515103673
16598,0.08118618986640769
7250,1.268737138425557
13282,0.756062143141726
11329,0.5786361387895553
6824,0.24859350980670314
4542,1.4087659336903116
4852,2.3978961618752592
13829,0.2347648560161204
12702,0.8205564160034342
12192,0.23626828279683565
262,18.16673446684669
7723,0.47171157868540803
9247,0.6478950104800489
11839,0.4356497632117353
7783,0.140617402248445
6564,1.3470753971543203
5451,1.8691790494177027
3951,4.276096572730985
2664,3.920070957589054
13376,1.1868718363697965
11472,0.8332924683569516
7182,0.8769547160121292
10493,0.40069515047175486
800,9.929395923835237
16603,-0.7535936417873401
10868,0.6562761878375127
10833,1.094353390414561
14188,0.46817138754656895
1422,9.514079239788735
16382,-0.47868175801725243
10797,0.6606381084291897
13260,0.5534408271900801
7923,0.3912938903116654
3010,3.816922496413106
3879,3.7653236453702092
4469,3.187712527063759
9141,0.4249340347478707
41,49.24006801691521
7438,0.34548786595157566
11515,-1.3726186198050314
4147,3.271263394988914
12329,0.2394979856928714
16993,-0.16316320448606092
595,13.97181394009737
6631,1.5335201195629864
16607,0.42917386662615087
13439,0.3841397454181745
10840,0.7428943197200581
4591,2.8742795148169407
10782,0.552120448221963
17644,-0.15697910574478868
15129,0.045414013754715654
3211,4.302960399276451
4096,2.7610173852303532
6080,1.2952221820209004
2546,6.036945879815889
17832,-0.8995697183072124
414,17.005624417672706
10338,0.25051828196905745
3284,3.523787885458539
9984,0.07364771442738771
12484,0.9987811420159503
8786,0.21337985850076535
9931,0.39474526002542376
1411,4.684023831221857
9204,0.22728411892914124
11913,0.9213395907213098
12022,0.10224163829580135
6062,1.514756564541706
16282,0.23502984850887998
11387,0.5557902644055659
6351,1.1744168392556489
10147,-0.12076497253689666
12724,0.7241371211071979
1629,5.679101694752795
2335,3.453407289145069
6490,1.3679440386489077
2724,5.2584220783067295
797,8.14809715982527
4646,2.7417890198850685
17020,-0.4122024461145699
9112,0.45285889275046287
68,21.383208406081316
87,31.122927166367496
15446,0.45094430029607935
2548,5.30767802309601
15505,0.3507031678576098
16214,0.12801606487956718
12904,0.08130182215037252
16439,-0.14193231044875887
441,15.342004943997026
5188,1.4748638970844539
3604,3.290538597906668
4138,2.203785249229263
15352,0.2824948321048808
5310,1.6869012620814132
4570,3.6044618058531697
14491,0.3441887838623572
16451,-0.4119277214898531
2761,4.362943124420063
7856,0.7130350489264927
17959,1.4691708803010854
8121,0.4091538192044837
11568,0.3895107091961094
17414,0.21360431858466455
17094,0.3002582097098596
17267,-0.2651026945732511
5640,0.5353207002579907
15086,-0.02052765647032828
17181,0.47886707866121725
3844,3.2485850883961476
9267,0.3262111869206379
7194,0.7521310672116286
3887,2.639385975398504
3103,4.707617910240337
13873,0.3183039481069656
16708,0.21556539079654868
6641,2.38590980064766
7509,2.2855043159584554
10078,0.24106031396900818
6279,1.9307543232594995
4397,2.119844665941706
12979,-0.19195225671600014
8940,0.45328310425615115
6492,1.0107152487826099
6575,1.9692460606434068
1530,7.446931423113476
2189,4.849681894999087
3533,3.308741823562279
2151,5.068304837059408
2595,6.105129577377262
5524,2.21920015402295
13816,-0.5494099288977807
1139,4.06806357590451
15899,0.16027435714548943
14458,0.11854912292951525
11611,0.5474222514996754
11369,0.67248402026555
16045,-0.20153652544578193
10891,0.6608341206167196
4008,3.478262130013853
5483,1.8192365679999156
3871,4.1697911185717444
7500,1.6504378986692458
1858,7.486814968169995
7239,1.5912721305571083
14642,0.24308011050822387
5656,2.43504450834228
11860,1.1065138657376892
4777,1.7189367084896858
4450,2.1338538069043906
17395,-0.37462248589428526
16158,-0.1596591867497139
7818,0.5597087483641516
6449,2.0013369943819512
16889,-0.30724883515483015
9852,0.12256792277812423
1427,6.657138591094501
13745,0.2646006453329548
13771,0.3099993335371991
6280,2.2248573192340686
12250,-0.16015519120077926
11110,0.0698644357400795
13138,0.3302214714559213
1624,5.622348441371109
12065,-0.22118322434335624
1626,2.913867855527883
490,12.720030385513674
3942,3.7763606267879695
2714,5.108168706851352
7806,0.351596515712437
10304,0.33898897653615023
4721,4.273130674383815
2545,4.00694083667441
8225,0.5489724545397436
11752,1.2650009347039841
9508,0.5966673011388011
7739,0.8087090642248214
7189,0.9310748321185329
6768,1.2603017187521672
13927,0.23262655221346762
6390,1.2510983618931064
11599,0.7753991653432806
8276,0.15003730592051312
17597,-0.3377711404859767
13540,0.5130529434689564
6088,0.8577819280548269
12310,-0.30994775826996346
8852,0.1753087135268956
135,30.37734643122456
16518,-0.15904077237248515
2295,4.135700123663163
17501,-0.17046855886916745
1617,5.196892381750949
11805,0.502001027577812
13253,0.6603767965184844
4350,3.7922353292036135
2735,3.566636050507249
671,9.536449180268292
7566,0.9416680412088212
9181,0.315717241893573
15810,0.32801046111215015
14741,0.523079327969036
10721,0.7177689133453171
8800,0.4937584721530115
16470,0.016972368763084944
17098,0.18609384541515084
4316,2.8885878933045674
12490,0.5977171753125887
17398,0.13918282801987658
17243,-0.8918715983537524
6660,1.4451025943759888
8933,0.14713287304896738
4249,1.3042746037162303
10013,0.07123161556091162
7709,1.0905283398293122
11519,1.3114214469658023
6171,1.0124289425114412
11360,0.0503643163058527
5851,1.6157722829432757
4628,2.062324485274594
5123,0.8888049957271349
12142,0.7590571139900746
7789,-1.2378743165935404
231,31.467726567942172
6282,2.6546985040217166
2590,5.920162579902076
17708,0.12750441990798578
584,14.734750269493404
6718,1.1350263022086793
14216,0.5149203330353984
7688,0.9801628057295417
9175,0.35968346392318296
12469,0.9592790221694756
8764,1.3415028941864264
7324,2.2676998376059387
4261,2.0041028539520553
16019,0.09344039006916915
10462,0.46588180851167493
2442,6.55746261318928
4476,2.4043009983424426
4251,2.4432698132321704
4857,1.5505662389463382
15166,0.2869444379498489
7136,0.8812136462888205
5708,3.4886400636436505
12144,0.18722360375920033
17809,-0.11000415798391572
6422,0.4372411774171141
252,15.088832995872657
9994,-0.01861982137337037
14800,0.528097444080764
5540,2.701739461145003
13840,0.28877252873227377
13973,0.4085190844483222
13525,0.8211072781884567
16625,0.4410466644114379
16896,-0.256180350650844
16037,-0.06039585497315869
14580,0.16756517407363702
4421,2.3209311608777554
11140,0.17000191136774134
5858,2.4288384420389306
9509,0.7703523247672379
1555,10.682286806394067
10824,1.0617939844954307
8982,0.5916767912089043
2272,3.958320771936066
1189,7.979436149124702
95,28.06455419619001
16611,-0.08868122996874916
15846,0.25002447153952545
7848,0.5795699320754224
12263,0.40620976593009317
13799,0.19166581129537263
12628,-0.10377175578317832
1698,7.36285963223844
14538,0.2529498617107393
15206,0.05996656743239015
16435,-0.747512667011371
3369,3.2841408820282467
14346,0.7329301865474989
1882,3.801826427651541
17509,0.37664896839320505
7154,1.6932238250732397
15883,0.05471140507231809
17033,-0.2841367985017129
11181,0.18502639349437544
8286,0.9083076662551477
12704,0.8261027872890097
7029,1.0620826235614587
11465,0.7329228515429307
1321,4.065800772836987
5334,2.0887503804663154
818,15.020673855556602
6421,1.239789731612511
16452,1.0230435490860614
11991,0.1241035790642897
88,24.67065291641358
5969,1.232852113862755
7453,0.9049092731286592
12378,-0.4485242866674426
15118,0.11602198467087277
3514,1.4137354203835812
12500,1.1045319936770497
1478,6.674398314693384
17931,-0.07247667376115174
15146,0.04574888366079932
8398,0.8240094241956442
999,7.872268027720317
17287,-0.21493565449738838
5528,1.7429927657905395
16945,0.05216489443811412
12718,0.7761529988127975
16982,-0.34845636860939777
4392,1.335193974921829
11330,0.24552873260306995
12308,0.20857802105980028
5120,3.8357371485137364
15248,0.6266406899419295
2774,2.723660710764811
3413,3.398700745295848
11270,0.41011174756071256
2852,2.948106567021533
2149,4.268150621781594
12577,1.3387842996784158
15452,0.3547653432866653
7938,0.6419187218070803
5943,0.8357827499870538
15026,0.526404784432593
3803,3.757385940924216
11287,1.0853612233423249
6484,2.168547554811049
16665,0.011523355436089844
3395,3.3670485524428315
1034,8.627754779440707
16670,-0.14743302176781725
7012,1.5241036642415864
10185,0.5908905478787361
6326,1.0038303202879675
221,27.41437167995675
210,31.932860985630747
1066,2.6780147476912433
7685,0.9643029654451638
6900,0.7750532734473339
712,12.721758296041621
15411,0.5349216128265439
11263,0.18333129280357952
1661,6.4547661877438856
16818,-0.2710526563928042
3888,3.286268785867101
2610,6.767321375795639
10585,0.43895475928244565
6155,1.414630361143658
1496,8.629544513012299
4695,0.2945122462654197
12379,-0.3918973696570518
8384,-0.023920868216286806
16915,-0.4183967903783028
11786,0.7079140852991586
4892,0.1297866540189645
5624,2.4058047150266546
2420,6.31586970912786
17271,-0.17726093557487133
2932,3.2678709571490643
14985,0.5072331122564933
11096,0.2807738549722316
8706,1.3778955724561328
6470,2.4058994180082394
8680,1.4853582360843447
11265,0.26083655670088746
8406,1.4315313221515638
5299,1.560848029907298
15237,0.5304083843389051
2037,4.216864914010451
17051,-0.4117915506309444
14668,0.38745350957422175
15915,0.3382581008562582
17452,0.5500224006753527
4034,1.8055251451538012
12509,0.22327269816805284
12829,1.3199479478919258
11282,-0.10274534870261931
7735,1.3672309488383902
1395,7.865206717410537
9778,0.436204321881867
17887,-0.2146457605872385
13080,0.4153755689418759
14720,0.39173322955894463
15960,0.7039988044300642
5144,2.859050648631829
8003,0.919617183405073
52,45.926226616932134
9933,0.01624598237408037
14633,0.20842276724558673
13610,1.0931488026064997
1074,10.335034589075931
12863,0.04992667099711667
9679,0.5950423460819749
7340,1.303646212076437
1038,10.190681958248959
17044,-0.3348735586936087
3757,3.0016903526287777
12212,0.20481652644598825
11425,0.14742660342115954
11857,0.5648064255791994
13509,0.7329695479132923
11610,-0.8824694354980025
11131,0.6364954953560513
1727,6.730559265085041
5077,1.314952706815241
6624,1.5544808065922027
4233,2.406992923684136
9306,0.34187953173496766
9791,1.4379297111528828
329,17.1950724366383
14807,0.6098751230592612
8433,0.9954641358002689
2513,4.761972966897552
1053,10.652466179891867
13491,0.4297204501826499
7647,0.3620650885532726
7,82.01628747658194
13297,0.382151345943079
8693,0.8778583349763309
10663,0.5904866731126575
2858,6.059569686915303
3377,2.702430025977783
16113,0.057199825302724605
14914,0.470384721222608
12430,0.17999503613582846
12006,0.028936562693495205
10654,0.28177627054993337
5926,1.3508995187790376
15134,0.17006330024933192
12831,0.7929891128995266
10541,0.37573099650401076
12340,0.21167640619626837
11172,0.22673479940176122
1749,6.760448727983324
15402,0.4062732380867047
7435,1.1526085317770836
8025,0.03112753240892374
4680,2.358373350861207
1223,9.068682962838146
245,21.176330682823654
4300,2.3773942010049254
6972,1.0872838697003502
10043,-0.06561735487145626
3529,2.8378512966112837
8875,0.14007521505663334
14954,0.48758553873047816
8891,0.21074648517346617
1106,9.435808973198682
17733,-0.1274831455582941
12587,1.5524430991564415
16693,0.3462619084587075
3858,3.5241325196168916
17508,0.21587829805481107
11073,0.2969783935070822
2142,3.99841225533401
7533,0.639813683325265
12104,0.06749436575776002
2490,5.483797586565693
6639,2.1081669492907835
9235,0.7733940364108278
13342,0.06959161560218519
9757,0.5288199628401671
7494,1.7385335071773724
6445,1.7049824402086884
14223,0.43170194329361067
12178,0.6127732845831062
4850,1.5989626634504859
14364,0.13422022843615622
4184,1.7377079449141846
17978,0.5489364468584128
8637,1.1052660349848722
14278,0.5205621587480422
11563,0.6354189636345282
16289,0.6899453196220762
14646,0.3113032462832379
11578,0.7815878777130578
4101,3.4061323949624907
12530,0.8722395603356929
15819,0.051447478066727115
6057,1.8864408748179429
17028,0.5118195520963198
4051,2.2933246564618415
13494,0.5883810952603099
5632,1.3738574075878986
17235,0.005269117364015585
14049,0.5149224648307822
4356,-0.1419754957825461
5086,1.5181754015425994
12352,0.4101692372883221
10672,0.5284419387053632
7186,0.29483462914154046
12647,0.7624898335105357
6597,1.8614222180399693
11362,1.7586665089415092
16277,0.027106800012070664
13348,0.8236920123668412
16927,-0.09334808903783909
3091,3.5732646579125387
13955,0.7682953422806591
10716,0.45477684536400176
2447,4.470399120950852
6468,1.9769799686657805
4589,0.8074909058897717
5104,2.340523446572753
5652,3.120487720776545
1088,6.196903869655188
4877,1.2527996440594293
12304,0.18984097797424937
14367,-0.027318112008607898
290,16.666123218485815
16413,-0.31304200193618925
11865,0.6808860201423883
8311,1.1213412704580819
5074,2.7659651299732317
13650,0.021644257141879564
12024,0.4097478592069095
9526,0.5325291931707525
15210,0.33304576630496996
11788,0.6253817295472928
14422,0.0439933400234267
14357,0.5929769612590192
2449,4.821139089596734
13223,0.8831371841112698
8874,0.25714428935845746
8623,1.1612868139618726
7774,0.49952975246544185
9743,0.6802231829530925
12854,0.7530115990963324
13602,0.8387389949280859
17219,-0.4429334589973095
6278,2.588772591041426
2292,4.6276938986552025
16599,0.08875302655503248
1212,8.877876702032168
2887,2.0621404630357816
9014,0.21600597671297095
9017,0.6662080707987243
7219,2.4809308816876623
13766,0.1066830103345282
9249,0.7600474583394927
614,13.129935432114308
4426,3.0187615720260723
916,12.006413824291634
4362,3.3322710713872326
1498,3.7142440896442466
9027,0.17249552073712238
12462,0.5340895946226354
17952,0.9185275435688212
10961,0.38950787186518454
623,12.715421872619928
378,15.772226232108302
4563,1.5153401013413443
6955,1.0178225959009453
4425,2.5798869470326125
3342,2.590805735277918
16295,0.09600703314222159
9773,1.9554648262793606
2871,5.658157661675467
5721,1.3524656163893027
6069,1.9866682669307565
15985,0.3518131504568416
6802,0.018385948921682882
14424,0.1389966418492392
14087,0.5515295891999372
2211,1.8786713955098335
17641,-0.0209598189740845
3024,6.267994742377034
17510,0.13990657108542592
1310,9.881326093250486
11010,-0.41277428135745
1009,9.866774669050443
8736,2.298295501394101
3653,2.9425509335877464
6400,1.3674795178226944
17701,1.4184443044177684
8380,0.5801950397042717
17511,-0.4223235180117726
5841,1.0628988527016432
7384,1.4354985841374983
970,9.49559260692157
12513,0.6362055962975077
13095,0.2895260940507072
4313,2.493174506817944
4050,2.28600082275873
17827,-0.30871068846484917
8985,0.3571386589705199
16044,0.010387735093068784
5749,0.8577409447579427
5550,2.4577833363835353
7945,0.5595027681083948
16726,-0.5949170100155428
14639,0.32018637777789394
12994,0.10544780833368605
12461,0.3213572061988046
15714,-0.10392955288133265
15806,0.17002579708475452
6033,1.3808769364129247
14655,0.3563518822363463
10790,0.672079940878298
10376,0.009988038486035578
2122,5.3612369890529905
6590,0.7368850695578928
10036,-0.3751123679107522
9296,2.0717707072161673
8666,0.965708820193548
10157,0.2399872983673461
16394,0.39754262150950836
8930,0.518271253225798
4170,2.56486065452615
13876,0.1786358700447508
2344,4.404140703455475
3910,2.7942799393263655
17487,0.05129526921033545
9280,0.5820511379295041
8189,0.6782785738511237
2327,5.465902166877321
17222,3.5352291800100843
7505,1.7583003269681328
15289,0.4167082461072553
4799,2.6285812069723065
16226,1.0431365303173052
1458,6.21192318393895
12910,0.5981421098371911
9071,0.31898596730723483
16989,-0.5161642092264529
11337,0.23597925744011405
7400,1.0762425012243497
14075,0.48608021720499295
9138,0.3768930586484416
10003,0.7993812465887729
16563,-0.22854663371895612
17179,-1.0665629689869505
1940,7.919330303827117
4548,-0.5643448527648403
15483,0.22816111637590808
5437,2.222521145360723
15620,0.09350086112211642
279,24.945128842810526
8351,1.2565611301427495
555,16.89218879298054
16143,0.08134159207106251
1351,4.033195682408724
4707,2.679149423819858
8301,1.2895936681418263
11088,0.41634731133118663
11376,0.22639639309468151
2045,5.010493520533473
208,28.287136097840268
9620,0.47243981976614435
3094,2.6544426807876462
1107,11.36454838001287
5894,0.9509550293606495
13991,0.845640347273779
13358,0.7384656945756163
14801,0.36298305535009234
14969,0.6810412481444743
17463,-0.041101951638090384
1743,6.589223252825327
17580,-0.10610787078859829
2842,4.121189796796152
16395,-0.038291838880375906
9254,-0.31757435690081337
798,7.602291396156055
12685,0.5218706079046527
16492,0.9119227336580096
7365,-0.04780963820432049
6408,1.2708705722325604
11398,0.1941825920947693
14614,0.22098700724429676
17159,-0.7067525838731896
8862,0.9426907831990903
476,12.515892457555658
17639,0.33822097421271025
12617,1.1696187635283977
7330,0.7149023253549487
17433,-0.16833212643580708
9681,0.27314119572120177
15669,0.050899074131756095
14796,0.39531846083283284
12610,0.8775118338255581
2939,5.448375751557684
5164,1.0113972634595498
11211,0.385412198613615
9690,2.1573318699573534
2553,3.998836600201521
13423,0.0025836594442765204
9274,0.3674690602285082
9024,1.0362406302444995
15548,-0.032554277599494696
1989,7.197231059272461
2298,3.517338160807121
6413,2.214529892033916
13533,1.1836948081917527
14632,0.28609260598465625
5715,2.0377154812485188
7327,-0.19067203079190875
11275,0.20501395556420476
17786,-0.8316830458524223
11264,0.13868432733342928
12270,0.6843380433571937
9612,0.9759998492189581
16536,0.012220890628562131
676,7.717913417916975
13199,0.25182165078209806
13339,0.4073394963326322
16129,-0.20276240130106515
8145,0.6108708065785251
15005,0.6126832132743587
17789,0.5698138247314048
11433,0.40627276216448394
4800,1.7608193602560434
10858,1.4611116811324862
16974,-0.4590017529001855
11633,0.5031140188383674
11385,0.14926065786773535
496,8.115714434280711
1548,5.386766556934674
17372,-0.46125743845279743
2088,5.0750829210868815
17239,-0.2862411553717905
12190,0.02061757357056848
16486,0.2846737308436573
8836,-0.08191644055457203
16761,-0.5548542641039163
9160,0.9914580535617361
11,72.1017374258017
16688,0.03963541500991852
11426,-0.19029323221202077
11720,1.4943127824910718
13994,0.293013239275588
15269,0.24528854450890236
7676,2.2314404773823426
4639,3.258500938384465
10850,0.06731391621850236
3039,5.699282764468968
10016,0.8511558317678478
9285,0.790477662616631
7429,1.4340576684386335
13001,0.29021258743211575
4125,2.809225928829825
14617,0.41462874414175843
15625,0.06357599734534602
16291,0.015197140975921286
14241,0.30101581867479155
5505,1.6875036843084317
6309,1.4554583577652025
1125,8.036199369621407
4566,2.3120086928366206
8931,0.18946272440245338
8371,0.6304432117786618
2110,4.1715144303265745
6714,0.324681848027204
7939,0.8800238473488449
551,13.971641281992667
4876,1.8038430157531806
13929,0.38231116754132444
7318,1.0796593579274756
15171,0.154676799407774
3792,2.100484442994265
15197,0.05216761749853305
15314,0.6434660005005455
5327,1.816797840380822
327,18.61104047418248
638,10.744061927837947
5774,1.529924040659587
13357,0.6126699180119957
3334,2.926668566683894
8354,1.3337568418964096
15848,0.26865066743010146
12754,1.3522212731272631
5588,3.058904005225763
17776,1.196560453970939
14824,0.5431977424553267
11218,-0.031710129652161356
11965,0.0197240292100318
15417,0.3719040190159788
6114,1.0559080557600495
1988,7.882662915654429
5110,-0.1826791900631619
1560,9.974271881287123
11677,0.8190800930165025
6204,1.9026608430348588
11977,0.04115534777607621
6997,2.2160207332864914
11346,0.8414226381093712
4882,1.200328788967603
7996,-0.30745464621738705
16250,0.14171337754891766
5283,1.9273608066528212
3287,3.417263459333988
4938,2.0333559026340637
1596,4.804162132216
15069,0.0937690316157429
336,16.639987103228258
7978,0.4823987262426144
532,11.869888688690345
35,57.145782420347636
7257,1.2781871596544718
13129,-0.27290061444599445
13908,0.2749972110447274
17131,-1.5475242576255752
10605,0.25597312342507195
15965,0.3312933593484715
899,12.16091956955212
4758,2.1334357979410115
7828,0.6184774347624753
2899,6.040383175775041
16998,-0.33265488741405846
11393,0.6507609758170148
7402,0.9157204026082368
269,19.389813269179236
3628,3.147378361403632
6341,1.2194490140811567
2622,4.901082390956425
2291,4.488962421126352
6199,1.7623423320116771
8191,1.1650332440896776
4744,2.3495649590833025
10980,0.026349530344766947
15629,-0.13005968493778397
5525,2.214158371763041
9458,0.4775032198773843
17247,-0.5515372704560306
10886,1.0728280680835312
2203,5.165271080589001
11278,0.1429556060738335
10923,-0.023702022191919525
17144,-0.28419256474870025
3309,0.3248773949233126
14870,0.7840219994753781
4910,1.3375499208045127
6188,1.5423370946508967
9032,0.7774928888748249
17859,0.7346792866578724
6407,1.7497966605027742
14428,-0.178369231601188
3577,3.7752799218097053
558,12.834803791352613
1010,7.3715418175262855
6905,0.3549935185798958
10413,1.097639919367758
14073,1.433930652525497
3142,5.74696465089864
11950,0.8666050065119961
14899,0.6123503639015055
537,15.732518440759598
5228,1.816068966964842
1134,7.9504085558027455
13013,0.23174701011827636
3935,2.8002626675778615
12909,0.0783227818492449
2811,2.3028944649792535
14497,-0.3324068745376607
11729,0.9393756527742383
5538,0.7807887769084729
15301,0.4059126374188864
8044,0.876872591734049
8438,0.577706949275516
6479,1.561456245009886
7833,0.37902620859119196
15989,0.38347382471410896
3180,4.922098719919781
1717,3.6855234537139694
9940,0.21108152249880874
14404,0.2793992780337575
17286,-0.743925327128288
5718,2.8414043189465943
17702,-0.7536178451043227
3170,4.963650172883256
5293,2.6637349385087745
1067,11.094477327748436
15351,0.16007592548996996
7269,1.0490409403408094
11291,0.6861543559421719
13713,0.02960985137510619
17427,-0.7749859634991267
7795,0.2508177399582152
7309,0.35537997447915615
8416,0.7438533482506884
17737,-0.635082957414518
1531,6.589990207076873
920,10.798510187984768
324,20.68716790523643
890,10.804930732153473
10124,0.42214379771261434
17697,2.2068208966795524
13331,0.8408920772639661
17788,0.9636024419394786
10601,0.7698574310506459
15907,0.4245994837079863
14884,0.5974690129776761
14168,0.43090846194993304
9404,0.8824567358829185
8536,0.719870287759484
469,14.78965640745043
7355,1.6228503396443372
11923,1.2311633677711953
7476,1.7884849218927243
1792,6.435729865494217
10822,1.1951802727246772
649,12.928175539350505
14303,0.5473631632505018
14479,0.06485902108952502
2829,3.7636407642995025
10725,0.7420232468273937
900,11.169314517441471
7442,1.3969691869092529
5393,1.6640698990084317
4931,-0.052601739118095736
17507,-0.27459784682928756
2976,0.6456970559866022
2686,5.245069234273409
9731,0.6889377272577732
719,11.290309954708214
12828,0.5275462256963621
17468,-0.18399094797270976
10940,0.24792842394374048
10162,0.23951009083709351
1710,6.310004137499455
5256,1.6876062233970188
13093,0.12751425330606736
16923,0.5672384743256558
11800,0.6199470887364029
13949,0.5921692908003777
6555,0.6254795543889102
872,12.47088972751282
16290,0.11933418680900587
1622,6.889870331858276
12146,0.07197790628963929
5440,2.110835988462675
12931,0.08562747744708332
13403,0.4553331934759868
596,14.29012772418973
17089,0.179764343270314
14235,0.9486505080558558
16266,0.6870593398835823
7964,0.37932098405027403
9406,0.6860803264457118
13158,0.5456804599477678
9708,1.1327887679580684
9955,0.7552245493556669
4616,1.3006188044159686
15393,0.2623918993315968
3641,3.601398499305212
5040,1.0926122140689571
15336,0.2570582024955925
14821,0.4604484580346977
1594,7.664677252197087
7804,0.40416474500049304
12028,-0.16458642658120226
11710,0.8736639243056672
1527,4.810955562443176
9486,0.5734253522048149
3857,3.265816560079763
9205,0.733211424863832
10933,-0.11645232164797648
7935,0.9119534049952378
12210,0.2425997028453324
3895,3.81024454907206
8895,0.17818063693518837
9283,1.5401087774659388
15588,0.9870806861916108
8082,0.5200889970875764
1022,9.757081919303069
9788,0.8796892720163285
7043,0.6320939999010378
6453,2.8146510498524506
11103,0.00889009356448156
2198,5.209575269961299
7644,1.2872820088379555
12305,0.05851841414398251
3920,3.929787581714315
14534,0.1459822724758979
13485,1.1474415565227858
5162,0.22513844051010068
10317,0.22438204849196808
7146,0.7371973011136745
7283,0.8450952458827103
4560,2.326555557448664
15087,0.3530970347678348
1097,12.100687581851624
16705,-0.6148169608399243
7906,1.4027311954665223
7768,0.44834568869695346
8397,1.6833689687334257
10171,-0.04927697316735902
9513,0.47337205791776427
1004,10.046938705597782
2977,4.925830158501732
7513,2.853144021919583
12197,0.35680795413529864
16237,0.15255857671528616
6886,0.7222099426825181
11435,0.21952127248889752
10763,0.611312865911593
10470,-0.3859660123641575
12878,0.002320917735950445
6617,0.8120562091161574
1660,4.0122619195040485
5910,1.1060589054603085
438,16.326598049272697
3974,2.049829879708277
9815,0.5592483337961127
6580,0.5296313494997023
16348,0.3007770064997075
10506,0.33945286193932844
6207,0.4871748268326783
15326,0.33231595788691237
12032,0.01601053911131345
783,14.447537966538839
17865,0.7358605775127174
14910,0.47034237264379186
17615,-0.5800215199231289
2064,4.283019955564065
3139,4.765791605824155
4171,2.3732553541603707
14732,0.15640780860361048
2668,4.302497500818809
17259,-0.18627641113604199
16385,-0.022321940254151684
7307,1.1652932962148626
5793,2.9491335324160204
4410,2.0791288918603144
6848,0.4961247240456501
14347,1.0527582555320336
15643,0.047668331973447664
3728,2.1050519624084885
14829,0.3248635087815259
15382,0.44352609037007795
17504,-0.5622676608995008
16973,-0.18702192058122336
5147,2.023431311506336
8010,0.5261910769742073
811,6.31741491724641
15367,0.3246828162030866
11430,1.2128253387312142
15062,0.09596262375686848
15238,0.27845352644501276
13558,0.807193080913386
5006,1.4016189412106357
11446,1.0607659610763065
8997,0.3857942844924125
9135,0.32573767406731946
7682,1.5290591007442274
954,7.599983733426562
7148,0.9015699442293297
3643,3.1741539247380715
4886,1.4905263837146308
15175,0.07385425952535485
5438,0.7529187523367753
7596,1.0846877070357905
11674,0.9109695370059612
4865,0.5487264150583187
13418,0.5821136178561304
4005,4.321365432144042
12318,0.2576881853369528
4529,2.276653719216192
6681,0.8000032113660396
7615,0.9782518431062144
8155,0.43961272154714237
14723,0.2436325741624401
2492,5.481241353528723
7313,1.6621459049954055
16288,0.3907682750803829
15022,0.5555433327561516
13067,0.16360596797540694
1358,7.47178150885081
6927,0.2481274978373662
17583,-0.0361080719744038
10548,1.3867055814948017
1848,7.829313966340784
5300,2.325685484585698
5907,1.0793007760444269
1730,6.104230694100245
17648,-0.2662380086753515
9720,0.7714571679121249
8769,1.5853243202258867
17269,-0.36968760145952473
12443,-0.16560137984134116
8436,0.49467198617330865
14894,0.8807679348073592
7705,1.1989245205052654
11237,0.36545072251873734
9651,1.0903860642317724
4482,2.4146228292487066
16689,0.33383917300057675
3996,2.9472723566884795
2364,4.538677858371209
13004,0.21698495179470711
14716,0.639393715661619
4597,3.1333537118011705
11560,0.8056679782082412
12557,0.9651596559424505
11407,0.28903433138457757
5261,1.0526022395309056
11832,0.8899356138794374
12196,0.5032648786164557
5211,1.5581823231842478
9634,1.234234056758261
3675,3.6865412723242272
17565,0.22061752700069093
11240,0.32972306230660564
5682,3.36013144867659
4692,2.819789316886876
510,8.210453968375688
12894,0.3339114004004742
1241,8.459002807568638
6396,2.196859854635015
14763,0.2809339341357102
3550,2.4038162382315917
9451,1.0683195165765866
717,13.530912463708937
9066,0.31639597131052
5782,1.441172401044632
772,10.742575432808081
2580,2.32592774748921
11770,0.9855934904674442
14119,0.830155090364805
9364,0.40997884157467723
8151,0.581005018163701
8661,1.5196562833426057
3709,4.291197326614956
12684,0.48622982981259355
7472,0.7347891843540921
12312,0.4361593622646396
4600,2.6831267459598322
7972,0.3427641645601298
4447,2.4252356633077525
2644,1.1637890363850758
1372,5.008802497265911
15191,0.16567992403026466
16201,0.07433659233578993
14822,0.3462927163779952
8270,0.7772322415891679
2326,6.140341344097045
6074,1.2391488580034107
8719,1.3031550484125134
1057,13.636714888240142
379,11.256808909324263
1497,8.461833779298047
17249,-0.7291247324173398
150,23.184612544777877
8596,1.6657708610239652
13858,0.24320693163067375
11667,0.11668326742344703
3505,4.022374227919137
9707,-0.2842844419522308
11239,0.3023394434596369
17381,0.007508707060942754
3635,2.309060904139848
3236,4.0072495810146265
1609,6.00214736220115
11219,0.36705185461777745
340,19.263419737157662
17080,-0.7795241617220157
9769,1.174584109708114
12625,0.4373563361554247
11523,0.015765798375674933
13412,0.37820914150419327
16258,0.17063012372921804
8715,1.0552324435441065
7960,0.5835741011919353
16241,0.046132772848388015
10661,1.5781783519191137
10283,0.9543457658436765
123,25.03416244937408
6025,0.3656301066957539
2767,3.480791660239028
14727,0.2870133445504237
5965,1.8917420709979282
3660,3.7481463199214247
16142,-0.06890182117343358
7305,-1.0685745016008568
17280,0.059801284122563914
5491,2.21190209697226
5722,2.4563305368892046
8841,0.23637313277888694
5480,2.983294220878186
13993,0.508548314124674
15260,0.2615367885456763
6567,2.0647592925432505
15138,-0.02339156095134598
7202,-0.224997269381781
17912,-0.49424900045345765
11169,0.06111090980666489
16963,0.03878911522136974
9865,1.461104506532429
5419,2.9868291156390185
13127,0.9405144191253854
13374,0.3701295951315231
3770,3.151720335376602
892,6.010244421370693
17941,1.783903812595419
1324,5.448505928514557
7632,0.4072153235952314
3301,3.0336147708777403
17795,1.6510137275917955
11648,0.9320632375769904
1290,4.540734590218911
15189,0.018130926116477042
16403,-0.23071386469546695
4722,2.2832430474121637
17791,0.03305782463946372
7417,0.8695565185616871
5703,2.6034102348519994
17229,-0.4653777065084128
16022,0.376712759709271
12221,0.09306898266127206
154,25.046348993316137
561,16.89669517249998
9814,0.6653231387437231
2073,6.215058467303329
3267,5.403841189467336
7678,1.4892426492991788
5532,2.5054197828466656
1725,6.606305400343743
2652,3.069286182094608
8883,0.6582630147815749
10870,0.6147517849914337
7089,1.061299971501576
9121,0.6516974988153592
11878,0.8472662786927359
3361,2.4667787979129443
14176,0.40270156238954513
8214,1.1372984948627405
7071,0.812148919476634
4650,0.8601356430324998
17595,0.9265641071042197
17430,-0.2348545058306044
4213,3.4037697033729657
3930,2.092157353756896
7679,1.582471548015782
17428,-0.7301800207539699
15827,0.1811225050809
11798,0.9248517179125244
10584,0.644722530521129
14966,0.8405155756224687
11014,0.6912520908652553
8711,0.41306579500517415
16268,0.397640751774027
9545,0.3300893084957224
15822,-0.052535741093244326
8720,1.7663585429921724
8974,0.7657680273332588
5864,0.8353155698759664
1459,8.922020368627742
14013,0.4942411410463947
14322,0.6174515166295791
7385,1.746146341435086
1809,6.3254765891534035
16112,0.058684888453321093
13819,0.2409195712110872
16548,-0.14311749537559848
16140,0.1277739293208029
3936,6.53080949004687
14848,0.523991910749892
17126,-0.14179413064594115
8701,0.6195340385225805
12660,0.7957321462980858
9820,0.31055548156873414
1238,4.589405123800432
3279,4.430183041392404
14990,0.5003074190719516
7794,0.28812563003796043
10264,0.0689820251697526
4315,2.90513378965192
13673,0.6739871888100382
16196,-0.6198669734220843
9009,0.6066413400224846
10547,0.3862230208567965
13827,0.3623798214073801
6299,1.204987586226757
11138,0.08907464943936105
9134,0.3838606988426889
6029,2.0639930047513317
3494,4.33458088869093
14854,0.5158070229097333
9930,0.26351411789026
5109,2.6514031982892803
14663,0.2928011957174945
12895,0.13397803208514603
11743,1.1773086018648584
7702,0.5806813958818324
1250,9.790990644276228
4764,2.689417652971194
5892,2.1621138248730816
13452,-0.19654373128044966
17730,0.5421040924993363
477,11.867140879274437
12932,0.12065114688812884
10277,0.19885144550202227
10859,0.8152404247255518
2519,6.932462993070821
16615,1.9933245996199176
4858,1.5413628680515998
8049,0.8150883795581265
14245,0.8947287736914475
14336,0.5320920053723839
17345,-0.13919126054343423
3215,3.7929366400162863
4530,2.6270420598026263
9142,0.2835281928569984
13550,0.5756228355044684
3441,2.2457737938165607
13632,0.3144889757084641
1960,8.289594038099644
387,14.256272587710914
17814,0.8198390762081047
1901,6.247260802335028
3667,3.89194411826724
6497,0.9625919972343624
11339,0.9211701901470448
3258,4.213846745681529
13635,1.160547644328382
10153,0.8247458999236486
10241,0.07782168910240017
15593,0.04871956966109536
12799,-0.5068549806039968
9785,1.0862168624285218
14596,0.07106359339464774
16211,0.08947268794137386
4440,2.412052668462586
14750,0.421853508225972
13802,0.19628491725676867
14325,0.5151986585070674
10981,0.045977986494527556
4733,2.9668859902243767
7582,1.652422524379709
13666,0.7622287852350311
11724,0.360960027364321
13478,0.4535657106706097
10365,0.5765814339985482
12107,0.27573565395335464
3475,2.917852734226763
17306,-0.37572561893423284
2578,6.746256122283775
10220,0.058685258737035895
101,40.01076900929923
17841,-0.2991993054266473
6332,0.20574960700485434
17217,-0.23077187180152947
2924,4.571360500014272
9999,0.6425791057020476
4131,2.202181452386988
11083,0.20338846902594554
1393,10.548711854168609
1707,7.196177748167777
10066,0.41055224118390043
3011,4.582273146785518
14911,0.7387366469961947
938,6.256893531341142
15861,0.4629261819844501
17026,-0.48222405864313345
9503,0.42685344495662747
11055,0.36407347505132037
10492,-0.19189856765816415
3424,3.233582382381549
7684,1.2347456088305861
156,25.33045252935394
2,98.6394641263903
5053,0.8537624345874733
7093,1.6061338949704762
9287,0.7376864893558732
16512,-0.3903944137157467
5647,0.3203552363262574
2228,2.817029967433932
15433,0.3427973811882552
13922,0.26946450716382486
6018,1.3015976135480614
17086,0.08511216723295689
3295,2.0128594502728774
5493,2.063193721229176
7871,1.8480388952884041
6420,1.6729584374508946
341,19.216800950966345
10435,0.40991683504129384
16994,0.11397290870738885
11953,0.019373133556094047
6008,-0.7458064780524083
14227,0.3888485399418542
30,40.90912991211744
6791,0.6612663848453266
10353,0.6578035474404729
10550,0.49683357083217317
1873,4.881700412528367
11474,0.3447157935753964
5698,2.431071729404046
495,10.56148170425309
16110,-0.024774690261203602
12773,0.6856828795610213
14174,0.5061145357168115
17765,0.03816866926005247
5397,1.3273034504056156
13755,0.16401269057535472
16371,0.5041107663822189
15994,0.32107011407958197
7333,0.8910991284996825
4134,2.594715604083838
12505,0.9167525457607937
10099,0.4351131271430049
16215,-0.08260662906447891
7238,1.351451022260953
9302,0.25909012735767334
7091,0.8214648587766433
16806,-0.3030826251922534
878,10.759581692889206
15329,0.1984803846094465
16020,-0.09986200409326074
9278,0.3057536461455399
1181,8.531713696621857
16126,1.2858834422897942
518,5.937499502020103
4742,1.8807515216524209
17233,-0.2659952097255669
10039,0.576612808599144
5947,0.2232559597557966
1663,6.793177211092825
27,55.858492030695224
6327,2.0347553710588144
14043,0.7539983564308912
9117,0.32119468178837707
1890,6.781101166639452
16552,-0.12157182726181048
4808,1.4722705668341618
13586,0.507464218706879
12187,0.2665614656559896
12112,0.016142428102718043
4187,1.9131187061930817
1721,6.925728234886037
5412,2.9724721413403827
9747,0.7176426664680875
8928,0.17206852069697476
8348,0.9640932295675455
6676,-0.08348469559188487
14157,0.3331354787701386
7294,0.8856920368697061
8569,0.6378761983889589
3810,3.2075368177473607
11451,0.7296285837638621
10610,0.3471508907807319
4770,1.2023428794726172
15397,0.520578656037749
14471,0.27931265896932445
10711,0.12363226756593093
12962,0.15436883912214938
2727,4.471996074891344
13715,0.11313599454721412
16190,1.4498754704776005
1481,7.44495273287955
15258,0.3781233358134344
7175,0.8988273019496447
17192,-1.0206859434659847
17640,-0.7098615761349905
11068,0.1096819211162412
2930,4.7419064969502145
47,53.47827266276912
8203,0.015126049095378846
11723,1.2574557735963552
5220,2.042844719054223
12600,0.449436622573792
14033,0.07736834838144802
821,12.066136171820503
4394,0.8755327585314419
6993,1.3635119417226704
10427,0.3769407386939534
7411,1.195994812983976
15821,0.201259490455179
5578,5.515270537713015
129,30.20791642321405
15759,0.30368674893815495
11592,-0.05821275410688287
3425,1.5908261350981476
7890,0.38503383873710817
3290,3.1284600691574767
9840,1.5868875761964105
12228,0.19183615940170995
46,52.046254911827226
898,11.882387444229039
14062,0.6517527800183345
10295,0.5262155715656789
9022,1.047176944835151
7381,2.04091159218671
13711,0.09302243652107478
7687,0.48527271492417157
13687,0.25819356905562785
15783,0.19202741042814608
13443,0.8753689897422916
10251,0.04281538723541445
2232,5.156122671362731
1703,6.807494655212942
7201,0.8623911536607878
11946,0.12642965544180385
17544,-1.0016635090967938
14715,0.3004541594143788
15313,0.34662099004530234
11983,0.06876703327306899
15123,-0.019008892333040706
17547,-0.14072159895101066
13220,0.49257336891874814
14890,0.5904027736641595
11332,1.0717922198510124
17920,1.2637676110309215
16108,-0.10973718680005362
12465,0.3596103600474905
9115,0.4124411720660319
1529,8.197632582164111
2253,5.625540155388272
5586,2.134118568890351
6193,1.8404115018900526
8317,1.4521248571466217
3415,2.2495116647274287
2223,3.46453979195136
9755,1.2860014774990631
5126,2.620931832276291
6116,1.2595041319532285
2812,3.4869244220187383
10629,1.134256327734498
6152,1.686338818589853
5663,1.666368235480327
4371,2.1790507853634793
3141,5.192576810312794
13043,0.3018096123774612
1388,5.056772714225197
7717,1.2923627798525033
16305,0.16666242216829374
11876,1.2232338667493892
1966,5.322279035887284
14114,0.5400361541537322
15881,0.1564937952843124
10223,0.35675869713539754
8751,1.4362985649006461
8753,1.4802899789500898
6469,1.8036413161303457
1061,8.44707131590632
8929,0.34863039306427623
10922,-0.09058905781277105
715,11.249943057657958
9704,0.8780744184978673
7027,-0.49737619653800635
17451,-0.2405986756796139
2639,3.5236210288051026
17951,1.431788995450269
5005,1.8144925576177897
5651,2.4320526367366924
6325,2.037252035767999
6923,-0.03557262464327238
11624,0.10151891995260343
7035,0.545798814364538
11021,-0.06474985775478359
17416,-0.42258809077213044
15425,0.0659994754052704
9709,1.1884352721096505
10866,0.6685972850181017
15023,0.5689531538250705
8859,0.09062701443173893
6559,1.8136239546348278
5140,1.8726173781442768
1033,9.883136985922484
593,15.551562263664316
17693,-0.35176181459204514
3933,1.4026614500010126
1915,5.596842942095343
5367,1.1308063491265514
11664,0.6708678566975905
16487,-0.5852790040783233
2093,5.08868889171152
17230,0.05823091518892198
6214,1.8886143601059118
9412,0.6497861327830705
4864,1.160239189571321
1826,4.496160766024062
13160,0.3801660607286479
15828,0.23441300011403854
751,13.758081120116223
13198,0.2576496490793332
16392,-0.2828897814382785
8938,0.17224271821685733
12230,0.18396457347336792
4400,1.7804733076330521
7197,1.6429749269052039
1702,6.374119899674902
8717,1.5044462586729779
3932,3.314909884808536
3867,3.393587654721948
17551,-0.27101560266654445
2810,4.110530582849911
3745,2.9341824674318033
2627,3.8661449382140134
7612,1.162100298148438
2265,4.493979266501547
3458,4.016959812648032
5376,1.5802178290133995
5316,2.134974728914777
4674,6.027851059301945
12374,0.28788224221866443
9797,0.32005450400632895
15422,0.3916769751045379
10783,0.8498762585347137
6427,1.1733690043684746
14878,0.4070937944139743
17491,0.6979651963761526
4710,2.1869472077882577
15561,0.06790341498690822
4336,-0.06613772909609139
7241,0.6152906269892142
14626,0.3453544499249901
3089,5.137725336651712
16530,-0.05120264865356461
6954,0.7502691065483376
11904,1.0876391473654152
12601,0.5795725179541549
8664,0.3064118778368581
3077,5.855855518463507
12211,0.3424959130470526
14376,0.09725685133764017
15121,0.10468626844508577
13181,0.3224031370598581
8582,0.9938380002406504
11325,0.576761639238974
5527,2.6203134666695362
1248,10.265369484841635
2169,4.898483966532858
881,10.81720163240471
10169,0.7138846050747887
124,17.773461178364073
11153,0.23150847986646994
9961,0.5351014165368682
12491,0.4119388062427376
2392,6.691214573594657
14455,0.11153394481602419
5124,0.5760557023743829
12919,0.43651084969634013
2518,2.704147905045545
14965,0.5604211927959781
17559,-0.760754389093286
10481,0.3629265975215432
14139,0.4002596263961422
6059,1.2032226942779047
14579,0.2078017061253732
2917,4.733753339989157
17207,0.45495169114003176
2148,3.0302441602181673
2356,4.756981193668558
90,29.534502246592794
17284,0.062467292942365304
14297,0.6339977685742539
103,26.8792846376953
16754,0.2457580051533128
8907,0.7618270026211675
493,11.634512731108039
11927,0.7551712070979804
17180,-0.09907967707804488
10551,0.2354317947205331
5394,2.0113348483687687
9771,-0.8161738632188715
6501,1.1307123983301395
12300,0.48994848348777253
9729,0.2318427657020905
11722,0.4312503096699558
5562,2.258560677446944
2415,4.561574664256121
7943,0.42297231120962664
10320,0.13776416655039014
1860,6.0303155364519725
6447,2.189999818446857
13859,0.18844481241627165
6870,0.7276185477788104
10225,0.29795246888378557
4252,2.162562257968254
14963,0.4777110037648171
4242,2.6405188619303246
12050,0.5154589572070805
17796,-1.1073286786821441
2572,4.3812353173010266
8533,0.7122268448745288
5619,1.731091877872366
16660,-0.051801694240957374
17459,-0.7027202521073477
15294,0.5468426026975024
4588,4.101953988609786
9308,0.417719230603943
654,10.603484225737027
7824,0.4260420296838632
15284,0.6178556358519032
11649,0.5322097223384432
3043,1.5703352403648054
11327,0.31147773058629724
15922,0.305272242651661
17052,-0.29040682444556154
11637,0.8905924067680004
17541,-0.011577674986789077
12170,0.4305867683523914
9875,0.07597043309754525
14190,1.1091221369454658
10507,1.0075899981717455
17699,-0.15068119885561515
11962,0.459837909174432
11806,1.0412415423821457
12802,0.687791361564301
9697,0.5713352416731183
13155,-0.18220710913401916
1062,10.650593827388498
6194,1.313275891033662
9533,0.6693036079581205
4495,3.7091355586486756
6499,1.4482409980880604
15940,0.37372226790272833
1510,4.877874299971445
973,9.881015246213494
11935,1.1276162247272552
5304,1.5895301342040895
4986,2.331682106667465
926,10.197141544667218
1881,9.023127670511805
5786,1.12701205714162
9474,0.2213330386077459
1786,6.700114416030317
16134,-0.5553609935108241
10271,0.21610810815960946
5010,1.3022528400910787
6790,1.1199432839253305
15384,0.4449947983479561
16366,0.07274779074509041
6304,1.326852605544154
646,9.731349056896043
8741,1.9381081169079195
11107,0.3895117318810648
12934,0.08406995944154261
4334,0.9621190807998019
14383,0.18553442086383853
9521,0.54334924523328
17864,1.5963092884872836
2874,3.092148119961486
1961,4.449691266720443
16983,-0.3597257410123049
8657,1.4098465014734742
8310,0.7518625689892886
7299,0.9531781518688618
4234,2.2484149245254414
10415,0.7678894768470812
5643,2.739043016621757
7673,2.061560493128887
3941,3.1594242751071633
11091,0.033146270219610585
4905,-0.46902871883201414
14074,0.5143415646742042
15878,0.18721854509097824
6875,0.6723968122517263
549,14.499045661610403
10681,0.5468353227199358
14785,0.45167346274950404
3686,3.3424320725399426
16576,-0.061467315902540065
7252,1.2552279692251815
4020,0.9093556691799947
1841,3.7799102358127996
15338,0.2483848445662673
10350,1.0189393049804991
5825,1.3843875322418526
8067,0.06331071617929496
5666,-0.04394250729861682
12561,-0.20675388461238953
9976,0.06852063837914812
15910,0.22262555638641146
4638,3.2367367955837025
5705,2.615341194373393
11419,0.4926349471696554
1315,6.57219036477256
10280,0.542406082330011
1506,7.714503812592163
3878,2.662860911827501
16084,-0.027930041737768363
381,11.383758481912352
370,13.869476737645861
16127,-0.029374219425385206
8881,0.23017900553430337
13573,0.5741678734981761
7379,2.6336540678811744
170,20.824753712666165
16624,-0.01574341875464569
14575,0.2145404448353858
10215,0.172954397426345
5087,1.6561813808561894
6777,0.6666826890400088
12119,0.09268278797781448
6999,0.2687970331054501
17012,0.12222132571904609
6851,0.6860826394683457
15447,0.3730771101620931
6610,1.1829806807740582
14088,0.8677559057434863
1039,9.474646284142032
6183,1.1843229621277445
10410,1.2164556493776857
15469,0.3982590964090562
5827,1.48051581636674
16999,-0.9719085448083931
2522,1.9317383207284706
15855,0.16705259801685912
2785,4.503436180279884
17735,-0.12611462403415175
10918,0.1402270928644711
17263,-0.40912890900360566
13623,1.0493964286103434
4815,1.8635925737274235
3328,2.752643159070196
9734,1.0991800895977022
2005,4.25003952580024
5728,1.9035657451076489
4260,2.1649351070870395
1262,4.919394207040455
891,8.134961300906234
7085,0.9093053877595523
509,11.466505817408937
7310,0.5645371805053614
1745,6.086773293602377
3886,2.6654630539721396
6474,1.950224071477713
12817,1.1800514773682735
7749,0.6690173604011349
11661,0.42490452138539325
15993,1.0147281312231158
2667,5.061202740448998
225,21.373316402167987
17000,-1.057521518607352
2358,4.992696673573242
15116,0.06640500010585271
14229,0.7478126117538935
6353,2.82360177022489
7413,-0.9073465057960775
7855,0.9816636316084058
15516,0.4954786323075737
11810,0.6128249859542407
10057,0.15235794653850832
11668,1.1699445998114086
14265,1.0319285753244927
3921,2.1900246646402692
12322,0.3435472730473421
14272,0.7259626850985299
385,8.989296124964866
14607,0.23382572921783407
3404,3.206773436120308
7068,1.2550017725704734
246,21.690541863123507
1979,6.534723015277272
2446,5.366645091270989
11195,0.044777084146964796
261,23.629756636877275
6319,0.23786764853618791
15067,0.014055101579209861
5865,0.17875189356025345
12875,0.02645318962238008
13167,0.5699691131323235
2777,3.7346683290325657
11053,0.6987403238508634
17380,-0.6173436793413813
10814,1.4453262410303083
14134,0.3960107743612937
4871,2.6608734931780518
6816,0.8185127758124011
16047,-0.3886418857769982
2116,4.7333436370759685
15293,0.6371136675890128
16347,0.28568594215986565
14014,0.24433351389664182
13252,0.3991210337616806
7896,0.5441013189416779
8037,1.0578395272235852
3311,4.510201008603609
16120,-0.05453613901573107
5187,1.6417331836052043
9307,1.2082320531807298
17748,0.5780457181629188
12003,0.3330842093703055
6505,1.3690996313644987
17421,0.3896502207048016
3856,3.3915369307685737
7742,0.3043311576146479
11631,1.062880671303681
15635,0.015203926094891074
4302,2.375800499453625
1162,13.736067086920364
7899,0.2572368536232901
3122,4.3575283740009
14187,1.427375228903493
7648,1.2357581808127733
17441,-0.09961769281567712
3115,2.650298710946849
7104,1.0312256691561643
6306,1.5367051862870724
1810,4.204388206840569
1222,6.938194100562043
13107,0.3761157799690338
16948,-0.014800065717047062
13517,0.42910019156420987
790,10.406604271943998
5639,2.962035291998099
8353,1.5884421752457385
8889,-0.23921864939396897
1030,6.810965491953787
9498,0.3126081513008572
10717,0.4005893886515466
13787,-0.0908785030831396
9696,-0.5825031164909902
5646,2.185670033183648
12897,0.5797182746957006
7293,1.3613746860464815
16666,0.40448199440488253
15504,0.5231913157312604
16904,-0.01589083442080863
11351,0.5487017757333987
8505,0.6159611534091098
4893,1.8536023042213898
13077,0.14975050205340068
8131,0.5103820346620509
14698,0.25977799289562853
13015,-0.2833963705225173
5282,3.2808437897914686
9867,0.8153387270533798
7602,0.25863877903324095
1584,4.301444672777087
919,13.147061143731904
3659,3.5268813593612336
16016,0.02898977320790408
12901,0.28996573159060546
17138,-0.11922792167305118
12681,1.066762906513027
17341,-0.6007846442941158
3174,3.114916084291984
13627,1.0843151251135836
7477,1.1966537719575356
8795,0.022016058559593432
2478,3.1630298683413898
4684,3.1478017304501194
11960,0.2141441432712199
5577,2.09809332634601
8901,0.4971554282239552
9328,-0.6537950636857133
484,12.298090487666663
16682,0.059539483721017916
4881,2.0502768368315785
9476,0.47595599007475897
15349,0.4394017535121364
14843,0.8379222909598312
10573,0.5606301591834111
15601,0.03456730860049362
11289,0.426770507471268
5912,1.07483610158652
16753,-0.1766742150736249
2349,5.483546548693987
16472,-0.08566159684401242
8777,0.0812808631064641
11587,0.3940268119666186
3900,4.66164073621885
10827,0.3395398840744335
7376,0.8657057342666761
7862,1.2228829768301566
6009,1.5917747966245273
15309,0.2854465422567287
3854,3.6891588355286373
2525,5.673852096667055
8585,1.0983490305463803
927,8.638152168974194
4841,2.3022546929447074
9803,1.4198009082477583
1289,7.548496859931603
16743,-0.7131349074992883
2494,4.461099173626401
5953,0.7091203246344193
7157,1.2742484998125079
6616,2.1795307129434107
9342,1.0095813712910413
17007,-0.16297520426621048
17806,0.7093688680131223
17939,-1.6239915195772383
5114,2.127704689278822
13613,0.9181829723372985
9084,1.2124398773100111
8446,1.0451212486203119
6596,1.5053981179129536
3463,4.14752350767035
6537,1.0973075650586068
15174,0.1741730281390872
17560,-1.3679808400552176
16830,-0.22989278924250556
6379,0.5898464938919901
1948,6.194121959152632
5845,0.6708031240510266
9581,0.5026652308108694
8190,0.2907883995177585
13503,0.7673221675123969
5713,1.0954531210249385
17932,0.3490586332954635
10583,0.11528772574879298
7149,1.1791106074060238
10726,2.3897307264318854
17907,0.07846543762651237
6356,1.7124793439209398
17130,-0.7477110809485552
10759,0.5161975594202275
7876,0.3889813945114682
8705,-0.5808716756650867
14051,0.3049898396195161
17522,0.11282451001049054
1526,10.437915072886405
13248,0.4056224002077684
9470,0.473465027633047
22,61.62026119175352
10609,0.1570436773995496
12302,0.49543094876764115
11509,0.6398794052101735
5783,2.0595423624159324
4771,2.678538329184043
2137,4.189808727813563
3633,2.4933794867561048
8295,2.5263890993230476
9919,-0.5377804849591641
1552,7.02052080104113
3944,1.5913674700333544
17266,-0.4002171963775183
5490,2.718910584529958
14296,0.6133824310512281
9454,0.49914650841719066
17778,0.3628419734578827
3865,4.7443138014688415
12821,0.6265763806897908
5935,1.0877220702558716
8264,0.6421155895567736
13612,0.5128979616967158
10135,0.23463715827096365
5459,-2.0031676621739507
9878,0.3984172102085708
17308,0.04221905987805741
15924,0.24676692128466726
15758,-0.016968001791390463
6148,1.053077675512391
1455,11.00398894941248
6487,0.8472683314587428
11998,0.2855856744662688
5354,1.5284540898382417
1024,13.389213439814831
6963,0.7872441890424611
5151,2.043163249491151
10604,0.10411687913819634
11778,0.8809069512981793
13631,1.263927707245962
12923,0.20206901271878763
16641,0.30881640428075485
13313,0.5604296509899669
10471,0.9115287247924684
16458,-0.1636444408433917
7842,0.19047485974108014
362,18.493146484374584
11171,0.14942029534875445
1235,2.6604795545269937
14779,0.346205073804434
11440,0.22023475712197893
9942,1.1385925313051999
981,9.179038218394602
9687,0.7895079230070579
1833,9.724412048734656
16009,-0.10151985808919761
9078,0.3233539539407033
13075,0.35655516114757546
3332,1.3327809512224675
10897,0.9419855688594296
4472,3.0204943666305084
15039,0.6682708100059287
10787,0.6260379327952492
7459,1.261663989644795
2407,4.367113954643564
14946,0.46938340484403085
4974,1.5313101082725709
17763,0.3380965783104912
3079,4.882212099242331
15761,0.7958840036744519
10643,-0.4694739857635355
102,30.77971705825896
14900,0.55181686243548
6346,1.5293449357683286
5301,1.9538204125294314
11191,0.0563167960508153
8427,1.5917704418309242
17571,-0.14537508602185056
15777,0.12341140803855666
2794,5.295553270232894
12422,0.40220199855532
14828,0.8593688387576961
14295,1.065492666547648
10890,-0.5722853747081942
13191,0.23304580348293058
669,7.240294134724536
5800,0.463601610483245
2254,2.5656190333577555
7277,0.9299526436218102
6070,1.082377758878529
1846,5.467302043625246
15781,0.19756133536258602
7304,1.93846801013742
9043,0.6034245428586971
6454,2.695302532986453
4333,2.53412683122675
15670,0.23178206859781625
5013,1.3840323847064653
17117,3.0444507393261873
13340,0.19942663191472576
14286,0.16636602436509662
45,34.519019480553375
14395,-0.004034428677208268
9906,0.6484839856469549
17290,-0.3229466695028904
7038,0.7224725797340668
6554,-0.2070518576648297
1777,6.396069300505239
12183,0.7078000105281674
2375,5.531090313757282
17727,-0.09006000044832518
14709,0.25343427827288423
11793,0.6899088917335021
6690,0.7095185601064955
6704,0.9454023015032718
12940,0.17817358635682723
15884,-0.03953364492887346
10327,0.2070398081929099
12531,0.4883233993724545
7714,-0.39410909312888265
12215,0.2068930767355326
3329,4.0180522356345065
15448,0.4850630427830609
4555,0.8926568624104831
17761,0.20898174886074372
2945,1.8370287849945228
1306,6.595544524148089
6897,0.7606064933921104
50,53.421549626900635
2177,3.983210539876488
201,29.13868658549051
9123,0.36704813721971874
10745,0.29883119129440416
4645,0.3212678084354579
4119,0.3542480651978437
14269,0.4583622154718725
8456,0.733609865687761
7849,0.7860282646452887
11194,0.12011211316858095
14355,1.0997778229126638
3071,4.265229213751432
10574,0.21635280866397721
14268,0.4851973518873436
1604,5.446078720535432
3734,3.196558047474035
5465,1.406859958283242
2050,5.342187468034545
17593,-0.222563263762531
17855,0.7327583676310852
131,21.740594844440622
965,8.486502101326849
11011,0.10920185541242944
6440,1.7404887260584232
12492,1.0021662546302181
166,21.395329960368286
6958,0.7446000017879228
2337,2.7795901716952827
253,15.089362127784689
3235,4.190645943314202
6586,0.7889023367393051
13972,0.4890795538968078
14219,0.7419091641861755
3780,2.5731350284510555
16078,0.07609943985399781
7589,1.2013602053286618
10910,-0.04444951751415971
1349,6.169569292791287
2310,4.280903992613553
14369,0.24897220249750518
12241,0.47884093386029036
11442,0.5471680226780578
7114,0.8810091677022669
17124,0.10394976687235413
9038,0.2729160697636601
17946,8.06613249496062
4110,2.229158531493617
8266,0.44114127394139047
3321,2.036766028966106
3696,3.885224720910365
9910,0.19849138919854425
13817,0.3350490156829764
197,10.548689476138541
1192,5.944290975107791
8766,1.5843041060191254
6775,0.917440004231814
1103,3.295573810087788
14324,0.9033092828045497
15931,0.3370564290651501
1709,7.945623701747245
8162,0.865406723056175
7545,1.015131689073037
3580,3.1299832659666933
9091,0.43252452151507015
2025,8.16684634308212
2802,2.8323886907189504
14451,0.28326185417652283
10554,0.6494641217138977
14301,0.8233077840846974
17488,0.6496920103124992
3991,4.960113015662905
17599,0.35961775805868257
4126,3.5199005274759188
8053,0.5595445134116446
7617,3.755549105464972
14697,0.35975306490633585
16338,-0.5115656954520702
7947,0.493865205976725
971,7.866320964696321
2927,3.0047860413523537
5387,1.3978779825371035
8289,-0.3521725304742702
9601,0.5800273691902404
1304,4.3538311928645825
1196,8.080297148045922
14777,0.38698094831179475
7129,0.6895582048234772
16493,-0.1614739472754465
3983,2.357873772226334
516,7.402012789308152
11969,0.016052764597283442
16378,0.6075444331531301
14778,0.31980979724216496
9673,1.3035662570693702
13447,0.581380622723195
1156,13.514729735844007
9310,0.23242088107810588
3735,4.200159374517106
17898,0.36587827116148475
8018,0.47048631618309145
15895,0.3664993080197476
11576,0.7345040681373618
14955,0.5813724187914957
49,46.64038309428144
4009,2.289182017870054
5857,0.5732068150714085
9969,-0.14897118728183756
10957,-0.011930565264641757
15230,0.5936236691330876
5521,1.3851376674604623
3392,3.3768514073693225
17711,-1.3633573950195697
3090,3.6127550612712085
12885,-0.080400825495623
14146,0.3809835130802597
7737,0.13752959251667818
17741,-1.6856482391169223
14438,0.19712832929887014
2350,1.9908714968036207
13851,0.4602461756273115
2493,5.744094112453219
14628,0.3226805619986024
11665,0.6309516477656061
8108,0.43307403394305055
6566,0.9915994144243072
12507,-0.3393260534323801
2671,3.492626510436473
13625,1.0142594702109946
14499,0.2946253514966557
8444,-1.3619961795038407
17224,-0.2187536755934545
13235,0.45990872429695884
4948,0.9650347499486074
6166,1.5551906431907767
2429,4.427322147506679
13137,0.20692327541329547
10524,1.0498719896075457
15788,0.28853839680289894
13763,0.5263680792413439
13145,0.19684241268198122
4787,3.1072953992217904
7178,0.9021493926574848
5207,1.4628661842348762
4751,2.773715421674673
13708,0.1749779038750532
17743,-0.8578954769448117
6763,0.945038770522352
4688,2.346520116321493
7432,0.6776668335777529
13746,0.13317665703500126
5315,1.8157144308967403
1409,9.144657792981747
1261,7.430412878675384
14975,0.5026945502435254
16663,0.04838150565539223
11478,0.32748903474431046
5362,2.1143930665504413
5535,2.2872058321634015
16765,-0.19723469078413558
3903,1.8404012459991108
11660,0.6323438277045952
13565,0.00259803768228295
2319,3.306809758691152
7554,1.2875444087653776
15986,0.33558186683232094
7651,1.2028957160707634
11058,0.22776410230304833
15496,0.5290347069432997
9045,0.8133519879376294
10825,0.8489452474202395
9284,1.025540014665502
7638,1.2527005389014008
13369,0.8659015894683151
975,10.934424671975826
3185,8.136338510381002
7839,0.3713181403319439
16230,0.10530337857336036
1277,5.476514193551537
6289,0.8589279844006157
9693,1.0827780158801588
7977,0.7751798284388016
15632,0.07414120191159412
1704,6.414003861015637
8458,0.39701025392459854
17331,-0.14295460298915685
14141,0.5434551244653747
13606,1.170284867659639
10340,0.4046551271515071
8712,-0.5237980814853884
15074,0.15636178861914374
1285,6.993890817509609
6702,-0.9004527763701375
6985,1.1400235196455313
824,10.538325308258464
12640,1.2631751064315253
14094,-0.5981160792943641
3208,3.582823757004867
8422,0.31123526714004157
13725,0.07611562343019074
13255,0.5259273644388927
9493,0.9004060911263352
7003,1.136024713787613
17692,-0.11392143004449196
4417,3.5764659170434996
10372,0.810433318593617
1070,10.008237546219327
6882,1.2842794209296144
9584,1.1175866960281766
8688,0.9765263960335986
34,50.40793329710801
15925,0.06683267662310044
1637,5.669025539084522
12311,-0.023027670132201195
9959,0.08692610882852847
7306,-0.02511175643437724
13325,0.27607684958923784
8102,0.2958460084301535
17732,1.2027349914510879
5131,2.4117678855580706
8674,1.864483719813883
14350,0.20990555934728405
5160,1.0767627681042242
16747,0.8809833898750767
4177,1.9922888369542946
10122,-0.05574357588411516
1802,6.742175735309793
10229,-0.6402211926308965
13117,0.4313404669575007
15549,0.00978041994557799
1140,12.158217353830203
13275,0.4896082515884572
3869,3.116992969834378
3794,2.949579545718983
6111,1.9775469787345301
15663,0.07273546691728683
5942,0.8338475087619415
15423,0.4850873390732673
514,6.505754093919073
11069,0.23618052423855573
17458,0.14731224778297047
9750,0.6187968482652124
2955,4.004172212660656
11858,1.0482677985839715
13952,0.31778684831028414
14401,0.11472762273339043
11676,1.3877711672167905
8130,0.26843756715896205
13757,0.3761200885719447
3372,3.908583057149876
13280,0.14600269961119494
14431,0.12753745134016725
12974,0.22677655117517048
13811,0.7329068187392309
11038,0.14943476444747006
15435,0.4845413861321859
13241,0.4343798073695453
12982,0.6764388173899434
7142,1.2816324098250718
16442,-0.10328565076411422
13229,0.23979956901005295
1176,8.083018376629674
17,48.90923301136893
8150,0.9689683273119343
16051,-0.23578866396362486
666,8.090222326701557
15280,-0.2644691316058001
7771,1.1746002258734691
13907,0.14536685096683044
11114,0.6653062848280129
13203,0.25990913116311987
10077,0.31485666164613946
16825,-0.13100415368096918
2104,5.52545491422017
912,10.59688445154125
5787,0.7662982805466001
9505,0.4206944632909497
7326,1.4523226867333037
16771,-0.5542290529169165
3806,4.6492468547912935
364,15.72083174356338
7258,0.987929853696734
16251,0.10042065674944212
5692,2.638504014447186
7352,0.3094755989421216
10567,0.11038335191174298
6970,1.060300479512314
17821,-1.4653264866911613
8158,0.6288901077873632
16502,-0.1496925003368048
665,7.970865982309213
6317,1.6680115343926403
11389,0.25059384409899366
203,26.33556619123754
1274,8.018613191331205
6600,1.265286611693277
11956,0.2782287768797218
6467,1.6206047278794173
15110,0.5956988359740549
17916,-0.3463306558093606
6736,0.5419380437318964
15364,0.41218121711055034
9240,0.28854047200113797
15634,0.44570998599623834
8713,2.3738051321619977
4423,2.3408152462263203
10,62.962068110712714
2827,3.490937230503029
6115,1.4933424646698583
9431,0.7471253027763609
2678,2.244598718778768
9003,0.21838040244522716
10637,0.7043518191684726
3201,5.277824856364838
420,19.06895243013532
6491,1.4367382998589946
8508,1.285667400644165
1476,8.062364344599565
6042,0.7693721162029235
17279,-0.9271268651839577
11121,0.06384662069520886
7963,0.3707761316695226
6921,1.43998328802423
7285,0.8914760008573168
16821,-0.5073216245672896
6455,1.4320603020960263
2325,5.2782777348918515
10000,0.15128593662689838
4517,-0.048686230393165886
6909,0.7199472778420315
3140,3.808591743979811
16752,-0.21398604893848727
11932,0.03486481184899759
4240,2.0322045283806673
12077,0.6183596593740575
6683,0.6102468802632544
11238,0.5787011845516687
397,17.450073999650336
6109,1.0988305145669202
17096,0.2911922809233616
15853,0.5687637668742767
6607,0.8077411087334028
11726,0.887222687734841
14306,0.3199238278815031
6430,1.2645411252063283
14323,0.9562594815806378
14994,0.504093609573566
2793,2.2156990709850177
13609,1.0065312268912052
13918,0.2810002162870049
16966,0.04104464145715525
3508,2.236481710057369
2920,4.92920448459234
7916,1.3493459280328963
14684,0.38899736895641723
2233,2.92631177476715
1912,3.2417214143134743
7279,0.09415085612715046
531,15.630048678948889
7366,1.593449513319051
56,41.00400176557529
5021,2.2106039273609994
8659,1.447522604142641
5217,1.6122284495267465
7143,0.7982056445103396
15721,0.03582494311924478
14299,0.7238890252284946
2585,7.144364371540725
17657,-1.0041883426619833
12114,0.5434741247429216
14564,0.1735332706182291
229,33.03573247659451
15264,0.2438529323854155
4557,2.390236870679338
5979,0.9621048313913931
4153,2.1832164724314325
8523,1.6721886284821394
759,10.719739150551227
4408,1.9461569512200683
16732,-0.34324349864018444
16631,-0.23534023597058962
17253,2.1364549381951363
16028,1.5233849131510127
4927,1.6906586130553123
8080,0.5066492478406062
5061,2.306405473213907
4043,2.9735039211998853
14488,0.09930113099098747
17321,0.3364759901908272
3407,1.5898584223925312
6785,1.2739996563908633
14125,0.7075128662310917
15065,0.4077586970600251
3445,2.357996042720309
16426,-0.23340951633061735
12236,0.14070697470756244
2738,3.881223113454631
3820,3.3585517196825734
4475,2.584073330339372
7897,0.6261913887540018
15536,0.6338109105949243
10478,-0.1172965353187081
4659,2.5520791350008736
12289,0.2027777835638247
4562,2.3326981041101718
6489,2.078021684493116
17698,0.02259200951548479
10390,0.5670918399544362
10631,0.7174807858727164
1511,6.957746359555657
8738,0.3715692293200803
7511,0.6930699641415643
7207,0.6881719219040221
16321,0.14133733976328955
14706,0.44080433953714504
8491,0.7790659423004982
9483,1.2365500521580302
1706,8.006164710660308
1129,11.252256618150632
613,11.265530759284822
11682,0.344856893776857
12701,0.39592817069316055
2154,3.723820518799023
6164,1.9178496705658503
2144,7.2094097302421645
3178,2.252494040430342
4189,1.9329927509534528
4470,1.591880344772001
15509,0.5046608999876483
2560,3.7497422341357876
953,12.544716209866031
17520,-0.1673462347829897
14115,0.3220878924224806
11450,0.5866940193054333
1575,5.584104156229763
5155,1.7932444547521484
10204,-0.33043434801609095
7929,1.2464703505634347
17610,-0.1514215727045709
1608,4.38993657707676
2346,3.142000696718206
4926,1.8631136949933662
13304,0.5132542616656579
10259,0.23770390225275406
707,11.67458930239141
8485,0.6348165488829736
2409,7.21518939795093
6753,0.7813514561433195
8514,2.104674514672574
15991,0.3662987539261806
10982,0.14205657400388105
4884,2.12530239183112
16788,-1.19045048569172
16099,-0.018591237261396998
5250,1.30510058507614
7446,1.0499241586030692
14138,0.6945642832962804
10230,0.1592881735935876
4945,1.6018822079722739
11498,0.585548812616274
1877,8.28952874412105
8391,0.7569387472259947
12514,0.6508235686421315
6980,-0.44646464116069495
3387,1.9584051024227094
1675,7.152527326078236
13532,0.7534915236349278
1716,7.639214224977202
10836,1.1971061512651957
15702,0.93929111494041
2756,1.5390590558294193
5517,1.7213031899598619
2041,2.6757740076100234
9558,-0.2345726532266852
3136,3.390432915676392
6813,0.8715155010389211
436,14.665019472619939
9554,0.6511750066908277
5149,1.6856623762265244
8802,0.08538721948276162
5337,1.1754100797123002
4971,1.5470084194946239
6967,0.7975005293146538
12096,0.18679322301849055
2604,2.4114296076238233
14726,0.32400648697646517
5439,-0.4257429956571386
16883,-0.131115660378903
11652,0.9035684624513394
14349,0.897088068914293
10222,0.20353076106955115
17396,0.1193904861569095
10126,0.1410450381685635
9861,-0.08669416826753462
9266,0.26425317902904766
1734,7.492876259202042
10332,-0.28627196798161236
2001,7.449514119245379
5289,2.67717262435729
14584,0.26781196692228804
15439,0.32577933112447255
2053,5.90485681541076
7777,0.03664150330794058
1063,2.089747322809913
4114,0.2634045739744266
9953,0.18437591872804404
10452,0.09588896459339225
4716,2.7888851860678514
6477,1.8375782895468333
8048,0.7229868083278674
2725,2.9939580120667344
9445,1.1363535361300094
13794,0.2243388496436225
12790,0.8354957291204457
1259,5.41451203513197
2980,3.1045222718101755
10770,1.525124624401748
4455,2.9044356873990935
14287,0.5622317585504888
3874,4.181628780205493
7210,0.8541752540882399
15906,0.1709883635744731
17344,0.6189373604178527
16449,0.23015129938324463
5880,1.1394751346158714
17397,-0.2978036658119194
7922,0.6506912386972132
17291,-0.17609905694597927
11520,0.8978764357955882
3704,1.3400905939545424
5,86.41420746122753
6026,-1.9737463815041352
2024,6.596976431598243
6776,-0.04370080325330861
13224,0.3077991966015432
9242,0.25689515666503127
6435,-0.1576865624176449
12254,0.3435470554839597
15975,0.2933780847724208
4575,2.209161564796311
372,17.28708969930667
515,6.643479542788818
4093,0.6808620025353136
2675,3.6729807697613595
8531,1.5037065450660307
17486,-0.39770942745244753
392,24.250635486154245
7580,1.6652310364358485
398,15.245647462816613
12425,0.4045679248398457
5584,0.9960131605363287
4629,1.551029160376551
6123,0.8638654302482607
664,9.629333858285293
4238,4.20976707186248
